firm_name,firm_website,challenge_name,markets,account_size,price,billing_type,currency,profit_target_pct,max_drawdown_pct,daily_drawdown_pct,drawdown_type,minimum_days,maximum_days,payout_frequency_days,payout_split_pct,payout_conditions,platforms,activation_fee,max_payout,contracts,data_feed,source_url,source_type,confidence
Alpha Capital,,2-Step 5K,cfd,5000,,one_time,USD,,,,,,,,,"Price only. This firm entered the catalogue through a supplied price table; its profit target, drawdown, daily loss limit, profit split and trading rules are NOT on file and are shown as unconfirmed rather than guessed. Published as ranges rather than single figures, so not recorded as prices: $5K at 19.80+; $10K at 40+; $25K at 106.20+; $50K at 160.20+; $100K at 268.20+; $200K at 538.20+.",,,,,,,,
Alpha Capital,,2-Step 10K,cfd,10000,,one_time,USD,,,,,,,,,"Price only. This firm entered the catalogue through a supplied price table; its profit target, drawdown, daily loss limit, profit split and trading rules are NOT on file and are shown as unconfirmed rather than guessed. Published as ranges rather than single figures, so not recorded as prices: $5K at 19.80+; $10K at 40+; $25K at 106.20+; $50K at 160.20+; $100K at 268.20+; $200K at 538.20+.",,,,,,,,
Alpha Capital,,2-Step 25K,cfd,25000,,one_time,USD,,,,,,,,,"Price only. This firm entered the catalogue through a supplied price table; its profit target, drawdown, daily loss limit, profit split and trading rules are NOT on file and are shown as unconfirmed rather than guessed. Published as ranges rather than single figures, so not recorded as prices: $5K at 19.80+; $10K at 40+; $25K at 106.20+; $50K at 160.20+; $100K at 268.20+; $200K at 538.20+.",,,,,,,,
Alpha Capital,,2-Step 50K,cfd,50000,,one_time,USD,,,,,,,,,"Price only. This firm entered the catalogue through a supplied price table; its profit target, drawdown, daily loss limit, profit split and trading rules are NOT on file and are shown as unconfirmed rather than guessed. Published as ranges rather than single figures, so not recorded as prices: $5K at 19.80+; $10K at 40+; $25K at 106.20+; $50K at 160.20+; $100K at 268.20+; $200K at 538.20+.",,,,,,,,
Alpha Capital,,Alpha One 1-Step 50K,cfd,50000,166.2,one_time,USD,,,,,,,,,"Price only. This firm entered the catalogue through a supplied price table; its profit target, drawdown, daily loss limit, profit split and trading rules are NOT on file and are shown as unconfirmed rather than guessed.",,,,,,,,
Alpha Capital,,2-Step 100K,cfd,100000,,one_time,USD,,,,,,,,,"Price only. This firm entered the catalogue through a supplied price table; its profit target, drawdown, daily loss limit, profit split and trading rules are NOT on file and are shown as unconfirmed rather than guessed. Published as ranges rather than single figures, so not recorded as prices: $5K at 19.80+; $10K at 40+; $25K at 106.20+; $50K at 160.20+; $100K at 268.20+; $200K at 538.20+.",,,,,,,,
Alpha Capital,,Alpha One 1-Step 100K,cfd,100000,352.2,one_time,USD,,,,,,,,,"Price only. This firm entered the catalogue through a supplied price table; its profit target, drawdown, daily loss limit, profit split and trading rules are NOT on file and are shown as unconfirmed rather than guessed.",,,,,,,,
Alpha Capital,,Alpha Pro 2-Step 100K,cfd,100000,316.2,one_time,USD,,,,,,,,,"Price only. This firm entered the catalogue through a supplied price table; its profit target, drawdown, daily loss limit, profit split and trading rules are NOT on file and are shown as unconfirmed rather than guessed.",,,,,,,,
Alpha Capital,,2-Step 200K,cfd,200000,,one_time,USD,,,,,,,,,"Price only. This firm entered the catalogue through a supplied price table; its profit target, drawdown, daily loss limit, profit split and trading rules are NOT on file and are shown as unconfirmed rather than guessed. Published as ranges rather than single figures, so not recorded as prices: $5K at 19.80+; $10K at 40+; $25K at 106.20+; $50K at 160.20+; $100K at 268.20+; $200K at 538.20+.",,,,,,,,
Apex Trader Funding,https://apextraderfunding.com/,Evaluation 25K,futures,25000,16.7,monthly,USD,5,4,,intraday_trailing,,,,100,"The product lineup has changed significantly and the current sizes differ from the older 25K/50K/75K/100K/150K structure. Target, drawdown, contract limits and pricing all vary by model, and legacy accounts are not current purchase options. No price is recorded rather than an invented one. Apex prices move with a running promotion and are published as ranges, so none is recorded as the price. Published as a range rather than one figure: $16.70–$24.90 at 25K, $19.70–$24.90 at 50K, $29.70–$39.90 at 100K, $49.70–$59.90 at 150K. Not recorded as a price. The 5% target is stated by the firm as uniform across every account size. The split is 100% of the first $25,000 and 90/10 after it; 90 is recorded as the ongoing rate. Both end-of-day and intraday trailing variants are sold. An activation fee applies on passing.",NinjaTrader; Quantower; TradingView; Tradovate; Rithmic; R Trader Pro; Sierra Chart; ATAS; Bookmap; Jigsaw; MotiveWave; EdgeProX; Finamark; VolFix; WealthCharts,,,4/40,"Rithmic, Tradovate, WealthCharts",,,
Apex Trader Funding,https://apextraderfunding.com/,Evaluation 50K,futures,50000,19.7,monthly,USD,5,4,,intraday_trailing,,,,100,"The product lineup has changed significantly and the current sizes differ from the older 25K/50K/75K/100K/150K structure. Target, drawdown, contract limits and pricing all vary by model, and legacy accounts are not current purchase options. No price is recorded rather than an invented one. Apex prices move with a running promotion and are published as ranges, so none is recorded as the price. Published as a range rather than one figure: $16.70–$24.90 at 25K, $19.70–$24.90 at 50K, $29.70–$39.90 at 100K, $49.70–$59.90 at 150K. Not recorded as a price. The 5% target is stated by the firm as uniform across every account size. The split is 100% of the first $25,000 and 90/10 after it; 90 is recorded as the ongoing rate. Both end-of-day and intraday trailing variants are sold. An activation fee applies on passing.",NinjaTrader; Quantower; TradingView; Tradovate; Rithmic; R Trader Pro; Sierra Chart; ATAS; Bookmap; Jigsaw; MotiveWave; EdgeProX; Finamark; VolFix; WealthCharts,,,6/60,"Rithmic, Tradovate, WealthCharts",,,
Apex Trader Funding,https://apextraderfunding.com/,Evaluation 75K,futures,75000,,monthly,USD,5,,,intraday_trailing,,,,100,"The product lineup has changed significantly and the current sizes differ from the older 25K/50K/75K/100K/150K structure. Target, drawdown, contract limits and pricing all vary by model, and legacy accounts are not current purchase options. No price is recorded rather than an invented one. Apex prices move with a running promotion and are published as ranges, so none is recorded as the price. Published as a range rather than one figure: $16.70–$24.90 at 25K, $19.70–$24.90 at 50K, $29.70–$39.90 at 100K, $49.70–$59.90 at 150K. Not recorded as a price. The 5% target is stated by the firm as uniform across every account size. The split is 100% of the first $25,000 and 90/10 after it; 90 is recorded as the ongoing rate. Both end-of-day and intraday trailing variants are sold. An activation fee applies on passing.",NinjaTrader; Quantower; TradingView; Tradovate; Rithmic; R Trader Pro; Sierra Chart; ATAS; Bookmap; Jigsaw; MotiveWave; EdgeProX; Finamark; VolFix; WealthCharts,,,,"Rithmic, Tradovate, WealthCharts",,,
Apex Trader Funding,https://apextraderfunding.com/,Evaluation 100K,futures,100000,29.7,monthly,USD,5,3,,intraday_trailing,,,,100,"The product lineup has changed significantly and the current sizes differ from the older 25K/50K/75K/100K/150K structure. Target, drawdown, contract limits and pricing all vary by model, and legacy accounts are not current purchase options. No price is recorded rather than an invented one. Apex prices move with a running promotion and are published as ranges, so none is recorded as the price. Published as a range rather than one figure: $16.70–$24.90 at 25K, $19.70–$24.90 at 50K, $29.70–$39.90 at 100K, $49.70–$59.90 at 150K. Not recorded as a price. The 5% target is stated by the firm as uniform across every account size. The split is 100% of the first $25,000 and 90/10 after it; 90 is recorded as the ongoing rate. Both end-of-day and intraday trailing variants are sold. An activation fee applies on passing.",NinjaTrader; Quantower; TradingView; Tradovate; Rithmic; R Trader Pro; Sierra Chart; ATAS; Bookmap; Jigsaw; MotiveWave; EdgeProX; Finamark; VolFix; WealthCharts,,,14/140,"Rithmic, Tradovate, WealthCharts",,,
Apex Trader Funding,https://apextraderfunding.com/,Evaluation 150K,futures,150000,49.7,monthly,USD,5,2.667,,intraday_trailing,,,,100,"The product lineup has changed significantly and the current sizes differ from the older 25K/50K/75K/100K/150K structure. Target, drawdown, contract limits and pricing all vary by model, and legacy accounts are not current purchase options. No price is recorded rather than an invented one. Apex prices move with a running promotion and are published as ranges, so none is recorded as the price. Published as a range rather than one figure: $16.70–$24.90 at 25K, $19.70–$24.90 at 50K, $29.70–$39.90 at 100K, $49.70–$59.90 at 150K. Not recorded as a price. The 5% target is stated by the firm as uniform across every account size. The split is 100% of the first $25,000 and 90/10 after it; 90 is recorded as the ongoing rate. Both end-of-day and intraday trailing variants are sold. An activation fee applies on passing.",NinjaTrader; Quantower; TradingView; Tradovate; Rithmic; R Trader Pro; Sierra Chart; ATAS; Bookmap; Jigsaw; MotiveWave; EdgeProX; Finamark; VolFix; WealthCharts,,,17/170,"Rithmic, Tradovate, WealthCharts",,,
Apex Trader Funding,https://apextraderfunding.com/,Evaluation 250K,futures,250000,59.7,monthly,USD,5,2.6,,intraday_trailing,,,,100,"The product lineup has changed significantly and the current sizes differ from the older 25K/50K/75K/100K/150K structure. Target, drawdown, contract limits and pricing all vary by model, and legacy accounts are not current purchase options. No price is recorded rather than an invented one. Apex prices move with a running promotion and are published as ranges, so none is recorded as the price. Published as a range rather than one figure: $16.70–$24.90 at 25K, $19.70–$24.90 at 50K, $29.70–$39.90 at 100K, $49.70–$59.90 at 150K. Not recorded as a price. The 5% target is stated by the firm as uniform across every account size. The split is 100% of the first $25,000 and 90/10 after it; 90 is recorded as the ongoing rate. Both end-of-day and intraday trailing variants are sold. An activation fee applies on passing.",NinjaTrader; Quantower; TradingView; Tradovate; Rithmic; R Trader Pro; Sierra Chart; ATAS; Bookmap; Jigsaw; MotiveWave; EdgeProX; Finamark; VolFix; WealthCharts,,,27/270,"Rithmic, Tradovate, WealthCharts",,,
Apex Trader Funding,https://apextraderfunding.com/,Evaluation 300K,futures,300000,69.7,monthly,USD,5,2.5,,intraday_trailing,,,,100,"The product lineup has changed significantly and the current sizes differ from the older 25K/50K/75K/100K/150K structure. Target, drawdown, contract limits and pricing all vary by model, and legacy accounts are not current purchase options. No price is recorded rather than an invented one. Apex prices move with a running promotion and are published as ranges, so none is recorded as the price. Published as a range rather than one figure: $16.70–$24.90 at 25K, $19.70–$24.90 at 50K, $29.70–$39.90 at 100K, $49.70–$59.90 at 150K. Not recorded as a price. The 5% target is stated by the firm as uniform across every account size. The split is 100% of the first $25,000 and 90/10 after it; 90 is recorded as the ongoing rate. Both end-of-day and intraday trailing variants are sold. An activation fee applies on passing.",NinjaTrader; Quantower; TradingView; Tradovate; Rithmic; R Trader Pro; Sierra Chart; ATAS; Bookmap; Jigsaw; MotiveWave; EdgeProX; Finamark; VolFix; WealthCharts,,,35/350,"Rithmic, Tradovate, WealthCharts",,,
AquaFunded,,2-Step 10K,cfd,10000,44.5,one_time,USD,,,,,,,,,"Price only. This firm entered the catalogue through a supplied price table; its profit target, drawdown, daily loss limit, profit split and trading rules are NOT on file and are shown as unconfirmed rather than guessed. Published as ranges rather than single figures, so not recorded as prices: $25K at 44.50–64.50.",,,,,,,,
AquaFunded,,2-Step 25K,cfd,25000,,one_time,USD,,,,,,,,,"Price only. This firm entered the catalogue through a supplied price table; its profit target, drawdown, daily loss limit, profit split and trading rules are NOT on file and are shown as unconfirmed rather than guessed. Published as ranges rather than single figures, so not recorded as prices: $25K at 44.50–64.50.",,,,,,,,
AquaFunded,,2-Step 100K,cfd,100000,234.5,one_time,USD,,,,,,,,,"Price only. This firm entered the catalogue through a supplied price table; its profit target, drawdown, daily loss limit, profit split and trading rules are NOT on file and are shown as unconfirmed rather than guessed. Published as ranges rather than single figures, so not recorded as prices: $25K at 44.50–64.50.",,,,,,,,
AquaFutures,https://www.aquafutures.io/,Standard Evaluation 25K,futures,25000,149,one_time,USD,8,,,eod_trailing,,,14,,"One-step futures evaluation. $163 is the regular price. Drawdown and payout rules depend on the current Standard specification. Payouts every 14 days. No daily loss limit on Standard. Maximum drawdown runs from 6% at the smallest size down to 3.3% at the largest, so it is not recorded as a single figure.",Deepcharts; Tradovate,,,,CME Group,,,
AquaFutures,https://www.aquafutures.io/,Standard Evaluation 50K,futures,50000,163,one_time,USD,8,,,eod_trailing,,,14,,"One-step futures evaluation. $163 is the regular price. Drawdown and payout rules depend on the current Standard specification. Payouts every 14 days. No daily loss limit on Standard. Maximum drawdown runs from 6% at the smallest size down to 3.3% at the largest, so it is not recorded as a single figure.",Deepcharts; Tradovate,,,,CME Group,,,
AquaFutures,https://www.aquafutures.io/,Instant Standard 50K,futures,50000,447,one_time,USD,,4,2.5,eod_trailing,,,,,Instant/direct route with no evaluation. $447 is the regular price. Risk and payout rules are separate from the Standard Evaluation. The maximum drawdown is 4% at most sizes but 3% on the $100K account.,Deepcharts; Tradovate,,,,CME Group,,,
AquaFutures,https://www.aquafutures.io/,Beginner 50K,futures,50000,,,USD,,,2.5,eod_trailing,,,7,,"The programme has been updated with a soft daily drawdown and a one-time payment structure. Price depends on account size. Payouts every 7 days. Published as a 6-8% profit target and a maximum drawdown between 6% and 3.3% depending on size, so neither is recorded as a single figure.",Deepcharts; Tradovate,,,,CME Group,,,
AquaFutures,https://www.aquafutures.io/,Standard Evaluation 100K,futures,100000,306,one_time,USD,8,,,eod_trailing,,,14,,"One-step futures evaluation. $163 is the regular price. Drawdown and payout rules depend on the current Standard specification. Payouts every 14 days. No daily loss limit on Standard. Maximum drawdown runs from 6% at the smallest size down to 3.3% at the largest, so it is not recorded as a single figure.",Deepcharts; Tradovate,,,,CME Group,,,
AquaFutures,https://www.aquafutures.io/,Standard Evaluation 150K,futures,150000,,one_time,USD,8,,,eod_trailing,,,14,,"One-step futures evaluation. $163 is the regular price. Drawdown and payout rules depend on the current Standard specification. Payouts every 14 days. No daily loss limit on Standard. Maximum drawdown runs from 6% at the smallest size down to 3.3% at the largest, so it is not recorded as a single figure.",Deepcharts; Tradovate,,,,CME Group,,,
Atmos Funded,,2-Step 5K,cfd,5000,18.2,one_time,USD,,,,,,,,,"Price only. This firm entered the catalogue through a supplied price table; its profit target, drawdown, daily loss limit, profit split and trading rules are NOT on file and are shown as unconfirmed rather than guessed.",,,,,,,,
Atmos Funded,,2-Step 10K,cfd,10000,33.15,one_time,USD,,,,,,,,,"Price only. This firm entered the catalogue through a supplied price table; its profit target, drawdown, daily loss limit, profit split and trading rules are NOT on file and are shown as unconfirmed rather than guessed.",,,,,,,,
Atmos Funded,,2-Step 25K,cfd,25000,61.75,one_time,USD,,,,,,,,,"Price only. This firm entered the catalogue through a supplied price table; its profit target, drawdown, daily loss limit, profit split and trading rules are NOT on file and are shown as unconfirmed rather than guessed.",,,,,,,,
Atmos Funded,,2-Step 100K,cfd,100000,246.35,one_time,USD,,,,,,,,,"Price only. This firm entered the catalogue through a supplied price table; its profit target, drawdown, daily loss limit, profit split and trading rules are NOT on file and are shown as unconfirmed rather than guessed.",,,,,,,,
Blue Guardian,,1-Step 5K,cfd,5000,30,one_time,USD,,,,,,,,,"Price only. This firm entered the catalogue through a supplied price table; its profit target, drawdown, daily loss limit, profit split and trading rules are NOT on file and are shown as unconfirmed rather than guessed.",,,,,,,,
Blue Guardian,,Instant 5K,cfd,5000,54,one_time,USD,,,,,,,,,"Price only. This firm entered the catalogue through a supplied price table; its profit target, drawdown, daily loss limit, profit split and trading rules are NOT on file and are shown as unconfirmed rather than guessed.",,,,,,,,
Blue Guardian,,1-Step 10K,cfd,10000,49.5,one_time,USD,,,,,,,,,"Price only. This firm entered the catalogue through a supplied price table; its profit target, drawdown, daily loss limit, profit split and trading rules are NOT on file and are shown as unconfirmed rather than guessed.",,,,,,,,
Blue Guardian,,Instant 10K,cfd,10000,75,one_time,USD,,,,,,,,,"Price only. This firm entered the catalogue through a supplied price table; its profit target, drawdown, daily loss limit, profit split and trading rules are NOT on file and are shown as unconfirmed rather than guessed.",,,,,,,,
Blue Guardian,,1-Step 25K,cfd,25000,100.5,one_time,USD,,,,,,,,,"Price only. This firm entered the catalogue through a supplied price table; its profit target, drawdown, daily loss limit, profit split and trading rules are NOT on file and are shown as unconfirmed rather than guessed.",,,,,,,,
Blue Guardian,,1-Step 50K,cfd,50000,150,one_time,USD,,,,,,,,,"Price only. This firm entered the catalogue through a supplied price table; its profit target, drawdown, daily loss limit, profit split and trading rules are NOT on file and are shown as unconfirmed rather than guessed.",,,,,,,,
Blue Guardian,,Instant 50K,cfd,50000,243,one_time,USD,,,,,,,,,"Price only. This firm entered the catalogue through a supplied price table; its profit target, drawdown, daily loss limit, profit split and trading rules are NOT on file and are shown as unconfirmed rather than guessed.",,,,,,,,
Blue Guardian,,1-Step 100K,cfd,100000,298.5,one_time,USD,,,,,,,,,"Price only. This firm entered the catalogue through a supplied price table; its profit target, drawdown, daily loss limit, profit split and trading rules are NOT on file and are shown as unconfirmed rather than guessed.",,,,,,,,
Blue Guardian,,Instant 100K,cfd,100000,467.25,one_time,USD,,,,,,,,,"Price only. This firm entered the catalogue through a supplied price table; its profit target, drawdown, daily loss limit, profit split and trading rules are NOT on file and are shown as unconfirmed rather than guessed.",,,,,,,,
Blue Guardian,,Instant 200K,cfd,200000,715.5,one_time,USD,,,,,,,,,"Price only. This firm entered the catalogue through a supplied price table; its profit target, drawdown, daily loss limit, profit split and trading rules are NOT on file and are shown as unconfirmed rather than guessed.",,,,,,,,
Blue Guardian Futures,https://www.blueguardianfutures.com/,Standard 25K,futures,25000,,one_time,USD,6,6,,trailing,,,5,90,"News trading allowed. The $25K account has no daily loss limit. 40% consistency once funded. $209 is the regular price for the 50K. The supplied price carries an asterisk in the source table, so treat it as provisional. Payouts every 5 days.",Deepcharts; NinjaTrader; TradingView; Tradovate,,,,"DXFeed, NinjaTrader",,,
Blue Guardian Futures,https://www.blueguardianfutures.com/,Reserve 25K,futures,25000,110,one_time,USD,6,,,eod_trailing,,,,90,No daily loss limit. Funded scaling. 5 winning days for a payout. $110 is the regular price for the 25K.,Deepcharts; NinjaTrader; TradingView; Tradovate,,,,"DXFeed, NinjaTrader",,,
Blue Guardian Futures,https://www.blueguardianfutures.com/,Express 25K,futures,25000,,one_time,USD,,,,,,,,90,"Full contract access during the evaluation, with contract scaling once funded. $178 is the regular price for the 50K.",Deepcharts; NinjaTrader; TradingView; Tradovate,,,,"DXFeed, NinjaTrader",,,
Blue Guardian Futures,https://www.blueguardianfutures.com/,Direct 25K,futures,25000,,one_time,USD,,,,,,,,90,"Instant funding, no evaluation. Contract limits 1 / 4 / 8 / 12 minis by size, following the Standard contract structure. Prices are the regular list price. Payouts carry a 2% processing fee. A payout processed after the 24-business-hour window pays 100% instead of 90% for that request.",Deepcharts; NinjaTrader; TradingView; Tradovate,,,,"DXFeed, NinjaTrader",,,
Blue Guardian Futures,https://www.blueguardianfutures.com/,Standard 50K,futures,50000,115.5,one_time,USD,6,4,2,trailing,,,5,90,"News trading allowed. The $25K account has no daily loss limit. 40% consistency once funded. $209 is the regular price for the 50K. The supplied price carries an asterisk in the source table, so treat it as provisional. Payouts every 5 days.",Deepcharts; NinjaTrader; TradingView; Tradovate,,,,"DXFeed, NinjaTrader",,,
Blue Guardian Futures,https://www.blueguardianfutures.com/,Reserve 50K,futures,50000,,one_time,USD,6,,,eod_trailing,,,,90,No daily loss limit. Funded scaling. 5 winning days for a payout. $110 is the regular price for the 25K.,Deepcharts; NinjaTrader; TradingView; Tradovate,,,,"DXFeed, NinjaTrader",,,
Blue Guardian Futures,https://www.blueguardianfutures.com/,Express 50K,futures,50000,178,one_time,USD,,,,,,,,90,"Full contract access during the evaluation, with contract scaling once funded. $178 is the regular price for the 50K.",Deepcharts; NinjaTrader; TradingView; Tradovate,,,,"DXFeed, NinjaTrader",,,
Blue Guardian Futures,https://www.blueguardianfutures.com/,Direct 50K,futures,50000,494,one_time,USD,,,,,,,,90,"Instant funding, no evaluation. Contract limits 1 / 4 / 8 / 12 minis by size, following the Standard contract structure. Prices are the regular list price. Payouts carry a 2% processing fee. A payout processed after the 24-business-hour window pays 100% instead of 90% for that request.",Deepcharts; NinjaTrader; TradingView; Tradovate,,,,"DXFeed, NinjaTrader",,,
Blue Guardian Futures,https://www.blueguardianfutures.com/,Standard 100K,futures,100000,,one_time,USD,6,3.5,2,trailing,,,5,90,"News trading allowed. The $25K account has no daily loss limit. 40% consistency once funded. $209 is the regular price for the 50K. The supplied price carries an asterisk in the source table, so treat it as provisional. Payouts every 5 days.",Deepcharts; NinjaTrader; TradingView; Tradovate,,,,"DXFeed, NinjaTrader",,,
Blue Guardian Futures,https://www.blueguardianfutures.com/,Reserve 100K,futures,100000,,one_time,USD,6,,,eod_trailing,,,,90,No daily loss limit. Funded scaling. 5 winning days for a payout. $110 is the regular price for the 25K.,Deepcharts; NinjaTrader; TradingView; Tradovate,,,,"DXFeed, NinjaTrader",,,
Blue Guardian Futures,https://www.blueguardianfutures.com/,Express 100K,futures,100000,,one_time,USD,,,,,,,,90,"Full contract access during the evaluation, with contract scaling once funded. $178 is the regular price for the 50K.",Deepcharts; NinjaTrader; TradingView; Tradovate,,,,"DXFeed, NinjaTrader",,,
Blue Guardian Futures,https://www.blueguardianfutures.com/,Direct 100K,futures,100000,659,one_time,USD,,,,,,,,90,"Instant funding, no evaluation. Contract limits 1 / 4 / 8 / 12 minis by size, following the Standard contract structure. Prices are the regular list price. Payouts carry a 2% processing fee. A payout processed after the 24-business-hour window pays 100% instead of 90% for that request.",Deepcharts; NinjaTrader; TradingView; Tradovate,,,,"DXFeed, NinjaTrader",,,
Blue Guardian Futures,https://www.blueguardianfutures.com/,Standard 150K,futures,150000,,one_time,USD,6,3.333,2,trailing,,,5,90,"News trading allowed. The $25K account has no daily loss limit. 40% consistency once funded. $209 is the regular price for the 50K. The supplied price carries an asterisk in the source table, so treat it as provisional. Payouts every 5 days.",Deepcharts; NinjaTrader; TradingView; Tradovate,,,,"DXFeed, NinjaTrader",,,
Blue Guardian Futures,https://www.blueguardianfutures.com/,Reserve 150K,futures,150000,,one_time,USD,6,,,eod_trailing,,,,90,No daily loss limit. Funded scaling. 5 winning days for a payout. $110 is the regular price for the 25K.,Deepcharts; NinjaTrader; TradingView; Tradovate,,,,"DXFeed, NinjaTrader",,,
Blue Guardian Futures,https://www.blueguardianfutures.com/,Express 150K,futures,150000,,one_time,USD,,,,,,,,90,"Full contract access during the evaluation, with contract scaling once funded. $178 is the regular price for the 50K.",Deepcharts; NinjaTrader; TradingView; Tradovate,,,,"DXFeed, NinjaTrader",,,
Blue Guardian Futures,https://www.blueguardianfutures.com/,Direct 150K,futures,150000,824,one_time,USD,,,,,,,,90,"Instant funding, no evaluation. Contract limits 1 / 4 / 8 / 12 minis by size, following the Standard contract structure. Prices are the regular list price. Payouts carry a 2% processing fee. A payout processed after the 24-business-hour window pays 100% instead of 90% for that request.",Deepcharts; NinjaTrader; TradingView; Tradovate,,,,"DXFeed, NinjaTrader",,,
Blueberry Futures,https://blueberryfutures.com/,Ascent EOD 25K,futures,25000,55.6,monthly,USD,6,4,,eod_trailing,2,30,5,90,"One-step evaluation with a 30-day completion period. Price varies. Payouts every 5 days. A monthly subscription, not a one-off: the fee recurs while the account is active, and there are no refunds. No hard daily loss limit — traders set their own in the platform's risk manager. Payout after 5 profitable days, a profitable day being $200.",BlackArrow,,,1/10,BlackArrow,,,
Blueberry Futures,https://blueberryfutures.com/,Accelerated Trailing 25K,futures,25000,44.16,monthly,USD,6,4,,intraday_trailing,1,30,5,90,"30-day completion period. The funded stage requires qualifying days. Maximum contracts 1 / 2 / 6 / 9 minis by size. Price varies. Payouts every 5 days. A monthly subscription, not a one-off. No hard daily loss limit.",BlackArrow,,,1/10,BlackArrow,,,
Blueberry Futures,https://blueberryfutures.com/,Ascent EOD 50K,futures,50000,98,monthly,USD,6,4,,eod_trailing,2,30,5,90,"One-step evaluation with a 30-day completion period. Price varies. Payouts every 5 days. A monthly subscription, not a one-off: the fee recurs while the account is active, and there are no refunds. No hard daily loss limit — traders set their own in the platform's risk manager. Payout after 5 profitable days, a profitable day being $200.",BlackArrow,,,2/20,BlackArrow,,,
Blueberry Futures,https://blueberryfutures.com/,Accelerated Trailing 50K,futures,50000,73.6,monthly,USD,6,4,,intraday_trailing,1,30,5,90,"30-day completion period. The funded stage requires qualifying days. Maximum contracts 1 / 2 / 6 / 9 minis by size. Price varies. Payouts every 5 days. A monthly subscription, not a one-off. No hard daily loss limit.",BlackArrow,,,2/20,BlackArrow,,,
Blueberry Futures,https://blueberryfutures.com/,Ascent EOD 100K,futures,100000,147.2,monthly,USD,6,3,,eod_trailing,2,30,5,90,"One-step evaluation with a 30-day completion period. Price varies. Payouts every 5 days. A monthly subscription, not a one-off: the fee recurs while the account is active, and there are no refunds. No hard daily loss limit — traders set their own in the platform's risk manager. Payout after 5 profitable days, a profitable day being $200.",BlackArrow,,,6/60,BlackArrow,,,
Blueberry Futures,https://blueberryfutures.com/,Accelerated Trailing 100K,futures,100000,110.4,monthly,USD,6,3,,intraday_trailing,1,30,5,90,"30-day completion period. The funded stage requires qualifying days. Maximum contracts 1 / 2 / 6 / 9 minis by size. Price varies. Payouts every 5 days. A monthly subscription, not a one-off. No hard daily loss limit.",BlackArrow,,,6/60,BlackArrow,,,
Blueberry Futures,https://blueberryfutures.com/,Ascent EOD 150K,futures,150000,242.8,monthly,USD,6.667,3,,eod_trailing,2,30,5,90,"One-step evaluation with a 30-day completion period. Price varies. Payouts every 5 days. A monthly subscription, not a one-off: the fee recurs while the account is active, and there are no refunds. No hard daily loss limit — traders set their own in the platform's risk manager. Payout after 5 profitable days, a profitable day being $200.",BlackArrow,,,9/90,BlackArrow,,,
Blueberry Futures,https://blueberryfutures.com/,Accelerated Trailing 150K,futures,150000,181.6,monthly,USD,6.667,3,,intraday_trailing,1,30,5,90,"30-day completion period. The funded stage requires qualifying days. Maximum contracts 1 / 2 / 6 / 9 minis by size. Price varies. Payouts every 5 days. A monthly subscription, not a one-off. No hard daily loss limit.",BlackArrow,,,9/90,BlackArrow,,,
BrightFunded,,2-Step 5K,cfd,5000,41.65,one_time,EUR,,,,,,,,,"Price only. This firm entered the catalogue through a supplied price table; its profit target, drawdown, daily loss limit, profit split and trading rules are NOT on file and are shown as unconfirmed rather than guessed. Prices are quoted in EUR.",,,,,,,,
BrightFunded,,2-Step 10K,cfd,10000,82.45,one_time,EUR,,,,,,,,,"Price only. This firm entered the catalogue through a supplied price table; its profit target, drawdown, daily loss limit, profit split and trading rules are NOT on file and are shown as unconfirmed rather than guessed. Prices are quoted in EUR.",,,,,,,,
BrightFunded,,1-Step 10K,cfd,10000,67.9,one_time,EUR,,,,,,,,,"Price only. This firm entered the catalogue through a supplied price table; its profit target, drawdown, daily loss limit, profit split and trading rules are NOT on file and are shown as unconfirmed rather than guessed. Prices are quoted in EUR.",,,,,,,,
BrightFunded,,2-Step 25K,cfd,25000,167.45,one_time,EUR,,,,,,,,,"Price only. This firm entered the catalogue through a supplied price table; its profit target, drawdown, daily loss limit, profit split and trading rules are NOT on file and are shown as unconfirmed rather than guessed. Prices are quoted in EUR.",,,,,,,,
BrightFunded,,2-Step 50K,cfd,50000,252.45,one_time,EUR,,,,,,,,,"Price only. This firm entered the catalogue through a supplied price table; its profit target, drawdown, daily loss limit, profit split and trading rules are NOT on file and are shown as unconfirmed rather than guessed. Prices are quoted in EUR.",,,,,,,,
BrightFunded,,2-Step 100K,cfd,100000,422.45,one_time,EUR,,,,,,,,,"Price only. This firm entered the catalogue through a supplied price table; its profit target, drawdown, daily loss limit, profit split and trading rules are NOT on file and are shown as unconfirmed rather than guessed. Prices are quoted in EUR.",,,,,,,,
BrightFunded,,2-Step 200K,cfd,200000,847.45,one_time,EUR,,,,,,,,,"Price only. This firm entered the catalogue through a supplied price table; its profit target, drawdown, daily loss limit, profit split and trading rules are NOT on file and are shown as unconfirmed rather than guessed. Prices are quoted in EUR.",,,,,,,,
Crypto Fund Trader,,2-Step 5K,cfd,5000,45.24,one_time,USD,,,,,,,,,"Price only. This firm entered the catalogue through a supplied price table; its profit target, drawdown, daily loss limit, profit split and trading rules are NOT on file and are shown as unconfirmed rather than guessed.",,,,,,,,
Crypto Fund Trader,,1-Step 5K,cfd,5000,31.2,one_time,USD,,,,,,,,,"Price only. This firm entered the catalogue through a supplied price table; its profit target, drawdown, daily loss limit, profit split and trading rules are NOT on file and are shown as unconfirmed rather than guessed.",,,,,,,,
Crypto Fund Trader,,2-Step 10K,cfd,10000,85.8,one_time,USD,,,,,,,,,"Price only. This firm entered the catalogue through a supplied price table; its profit target, drawdown, daily loss limit, profit split and trading rules are NOT on file and are shown as unconfirmed rather than guessed.",,,,,,,,
Crypto Fund Trader,,2-Step 25K,cfd,25000,187.2,one_time,USD,,,,,,,,,"Price only. This firm entered the catalogue through a supplied price table; its profit target, drawdown, daily loss limit, profit split and trading rules are NOT on file and are shown as unconfirmed rather than guessed.",,,,,,,,
Crypto Fund Trader,,1-Step 25K,cfd,25000,170.82,one_time,USD,,,,,,,,,"Price only. This firm entered the catalogue through a supplied price table; its profit target, drawdown, daily loss limit, profit split and trading rules are NOT on file and are shown as unconfirmed rather than guessed.",,,,,,,,
Crypto Fund Trader,,2-Step 50K,cfd,50000,303.42,one_time,USD,,,,,,,,,"Price only. This firm entered the catalogue through a supplied price table; its profit target, drawdown, daily loss limit, profit split and trading rules are NOT on file and are shown as unconfirmed rather than guessed.",,,,,,,,
Crypto Fund Trader,,2-Step 100K,cfd,100000,514.8,one_time,USD,,,,,,,,,"Price only. This firm entered the catalogue through a supplied price table; its profit target, drawdown, daily loss limit, profit split and trading rules are NOT on file and are shown as unconfirmed rather than guessed.",,,,,,,,
Crypto Fund Trader,,1-Step 100K,cfd,100000,482.82,one_time,USD,,,,,,,,,"Price only. This firm entered the catalogue through a supplied price table; its profit target, drawdown, daily loss limit, profit split and trading rules are NOT on file and are shown as unconfirmed rather than guessed.",,,,,,,,
Crypto Fund Trader,,2-Step 200K,cfd,200000,975,one_time,USD,,,,,,,,,"Price only. This firm entered the catalogue through a supplied price table; its profit target, drawdown, daily loss limit, profit split and trading rules are NOT on file and are shown as unconfirmed rather than guessed.",,,,,,,,
Crypto Fund Trader,,1-Step 200K,cfd,200000,935.22,one_time,USD,,,,,,,,,"Price only. This firm entered the catalogue through a supplied price table; its profit target, drawdown, daily loss limit, profit split and trading rules are NOT on file and are shown as unconfirmed rather than guessed.",,,,,,,,
DayTraders,https://daytraders.com/,EOD 25K,futures,25000,46.35,one_time,USD,6,6,,eod_trailing,2,,8,100,"Two qualifying days. Sizes run to 300K. Price varies. The supplied platform list for this firm ends in 'etc.', so the platforms on file are the ones named rather than the complete set — treat an absence here as unrecorded, not unsupported. Payouts every 8 days. The firm advertises 100% profit retention with no split. Fees are quoted as one-time or monthly depending on the plan chosen.",NinjaTrader; TradingView; Tradovate; Quantower; Rithmic; R Trader Pro; Sierra Chart; ATAS; Bookmap; MotiveWave; Jigsaw,,,6/60,"Rithmic, Tradovate, WealthCharts",,,
DayTraders,https://daytraders.com/,Trail 50K,futures,50000,70.35,one_time,USD,6,4,,intraday_trailing,2,,8,100,"Two qualifying days. Price varies. The supplied platform list for this firm ends in 'etc.', so the platforms on file are the ones named rather than the complete set — treat an absence here as unrecorded, not unsupported. Payouts every 8 days.",NinjaTrader; TradingView; Tradovate; Quantower; Rithmic; R Trader Pro; Sierra Chart; ATAS; Bookmap; MotiveWave; Jigsaw,,,10/100,"Rithmic, Tradovate, WealthCharts",,,
DayTraders,https://daytraders.com/,EOD 50K,futures,50000,,one_time,USD,6,4,2.5,eod_trailing,2,,8,100,"Two qualifying days. Sizes run to 300K. Price varies. The supplied platform list for this firm ends in 'etc.', so the platforms on file are the ones named rather than the complete set — treat an absence here as unrecorded, not unsupported. Payouts every 8 days. The firm advertises 100% profit retention with no split. Fees are quoted as one-time or monthly depending on the plan chosen.",NinjaTrader; TradingView; Tradovate; Quantower; Rithmic; R Trader Pro; Sierra Chart; ATAS; Bookmap; MotiveWave; Jigsaw,,,,"Rithmic, Tradovate, WealthCharts",,,
DayTraders,https://daytraders.com/,Static 50K,futures,50000,40,one_time,USD,7.5,2,,static,2,,8,100,"Fixed drawdown rather than trailing. Two qualifying days. Price varies. The supplied platform list for this firm ends in 'etc.', so the platforms on file are the ones named rather than the complete set — treat an absence here as unrecorded, not unsupported. Payouts every 8 days.",NinjaTrader; TradingView; Tradovate; Quantower; Rithmic; R Trader Pro; Sierra Chart; ATAS; Bookmap; MotiveWave; Jigsaw,,,6/60,"Rithmic, Tradovate, WealthCharts",,,
DayTraders,https://daytraders.com/,S2F 50K,futures,50000,342,one_time,USD,,5,,eod_trailing,,,8,100,"No traditional evaluation. Funded progression rules apply. Price varies. The supplied platform list for this firm ends in 'etc.', so the platforms on file are the ones named rather than the complete set — treat an absence here as unrecorded, not unsupported. Payouts every 8 days.",NinjaTrader; TradingView; Tradovate; Quantower; Rithmic; R Trader Pro; Sierra Chart; ATAS; Bookmap; MotiveWave; Jigsaw,,,10/100,"Rithmic, Tradovate, WealthCharts",,,
DayTraders,https://daytraders.com/,S2L 50K,futures,50000,,,USD,,,,,,,,100,"Direct funded progression with rules separate from S2F. Price varies. The supplied platform list for this firm ends in 'etc.', so the platforms on file are the ones named rather than the complete set — treat an absence here as unrecorded, not unsupported. Figures deliberately absent: the source said not to rely on them for this product.",NinjaTrader; TradingView; Tradovate; Quantower; Rithmic; R Trader Pro; Sierra Chart; ATAS; Bookmap; MotiveWave; Jigsaw,,,,"Rithmic, Tradovate, WealthCharts",,,
DayTraders,https://daytraders.com/,Trail 80% Split 50K,futures,50000,179,one_time,USD,6,4,,intraday_trailing,,,8,80,"The supplied platform list for this firm ends in 'etc.', so the platforms on file are the ones named rather than the complete set — treat an absence here as unrecorded, not unsupported. Payouts every 8 days.",NinjaTrader; TradingView; Tradovate; Quantower; Rithmic; R Trader Pro; Sierra Chart; ATAS; Bookmap; MotiveWave; Jigsaw,,,2/20,"Rithmic, Tradovate, WealthCharts",,,
DayTraders,https://daytraders.com/,Static 100K,futures,100000,65,one_time,USD,5.75,1.5,,static,2,,8,100,"Fixed drawdown rather than trailing. Two qualifying days. Price varies. The supplied platform list for this firm ends in 'etc.', so the platforms on file are the ones named rather than the complete set — treat an absence here as unrecorded, not unsupported. Payouts every 8 days.",NinjaTrader; TradingView; Tradovate; Quantower; Rithmic; R Trader Pro; Sierra Chart; ATAS; Bookmap; MotiveWave; Jigsaw,,,8/80,"Rithmic, Tradovate, WealthCharts",,,
DayTraders,https://daytraders.com/,Trail 150K,futures,150000,104.85,one_time,USD,5.667,3,,intraday_trailing,2,,8,100,"Two qualifying days. Price varies. The supplied platform list for this firm ends in 'etc.', so the platforms on file are the ones named rather than the complete set — treat an absence here as unrecorded, not unsupported. Payouts every 8 days.",NinjaTrader; TradingView; Tradovate; Quantower; Rithmic; R Trader Pro; Sierra Chart; ATAS; Bookmap; MotiveWave; Jigsaw,,,24/240,"Rithmic, Tradovate, WealthCharts",,,
DayTraders,https://daytraders.com/,EOD 150K,futures,150000,825,one_time,USD,5.667,2.667,1.333,eod_trailing,2,,8,100,"Two qualifying days. Sizes run to 300K. Price varies. The supplied platform list for this firm ends in 'etc.', so the platforms on file are the ones named rather than the complete set — treat an absence here as unrecorded, not unsupported. Payouts every 8 days. The firm advertises 100% profit retention with no split. Fees are quoted as one-time or monthly depending on the plan chosen.",NinjaTrader; TradingView; Tradovate; Quantower; Rithmic; R Trader Pro; Sierra Chart; ATAS; Bookmap; MotiveWave; Jigsaw,,,,"Rithmic, Tradovate, WealthCharts",,,
DayTraders,https://daytraders.com/,Trail 80% Split 150K,futures,150000,319,one_time,USD,5.667,3,,intraday_trailing,,,8,80,"The supplied platform list for this firm ends in 'etc.', so the platforms on file are the ones named rather than the complete set — treat an absence here as unrecorded, not unsupported. Payouts every 8 days.",NinjaTrader; TradingView; Tradovate; Quantower; Rithmic; R Trader Pro; Sierra Chart; ATAS; Bookmap; MotiveWave; Jigsaw,,,3/30,"Rithmic, Tradovate, WealthCharts",,,
DayTraders,https://daytraders.com/,Trail 300K,futures,300000,131.85,one_time,USD,5,2.333,,intraday_trailing,2,,8,100,"Two qualifying days. Price varies. The supplied platform list for this firm ends in 'etc.', so the platforms on file are the ones named rather than the complete set — treat an absence here as unrecorded, not unsupported. Payouts every 8 days.",NinjaTrader; TradingView; Tradovate; Quantower; Rithmic; R Trader Pro; Sierra Chart; ATAS; Bookmap; MotiveWave; Jigsaw,,,40/400,"Rithmic, Tradovate, WealthCharts",,,
DayTraders,https://daytraders.com/,EOD 300K,futures,300000,,one_time,USD,,,,eod_trailing,2,,8,100,"Two qualifying days. Sizes run to 300K. Price varies. The supplied platform list for this firm ends in 'etc.', so the platforms on file are the ones named rather than the complete set — treat an absence here as unrecorded, not unsupported. Payouts every 8 days. The firm advertises 100% profit retention with no split. Fees are quoted as one-time or monthly depending on the plan chosen.",NinjaTrader; TradingView; Tradovate; Quantower; Rithmic; R Trader Pro; Sierra Chart; ATAS; Bookmap; MotiveWave; Jigsaw,,,,"Rithmic, Tradovate, WealthCharts",,,
DayTraders,https://daytraders.com/,Trail 80% Split 300K,futures,300000,449,one_time,USD,5,2.333,,intraday_trailing,,,8,80,"The supplied platform list for this firm ends in 'etc.', so the platforms on file are the ones named rather than the complete set — treat an absence here as unrecorded, not unsupported. Payouts every 8 days.",NinjaTrader; TradingView; Tradovate; Quantower; Rithmic; R Trader Pro; Sierra Chart; ATAS; Bookmap; MotiveWave; Jigsaw,,,4/40,"Rithmic, Tradovate, WealthCharts",,,
E8 Futures,https://e8futures.com/,Challenge 25K,futures,25000,88,one_time,USD,6,4,,eod_trailing,,,5,80,Payouts every 5 days.,TradingView; Tradovate,,,,NinjaTrader,,,
E8 Futures,https://e8futures.com/,E8 Zero Starter 50K,futures,50000,178,one_time,USD,6,,,static,,,,,"One phase. End-of-day drawdown, not trailing, and no daily drawdown. The 40% rule is a best-day rule during the challenge. Prices are the regular list price. NEEDS REVIEW: research describes E8's futures line as Signature-only, with E8 Zero sold for forex and crypto rather than futures. This product came from the supplied table and has been kept rather than deleted, but confirm it exists as a futures account before publishing.",TradingView; Tradovate,,,,NinjaTrader,,,
E8 Futures,https://e8futures.com/,E8 Zero Max 50K,futures,50000,328,one_time,USD,6,,,static,,,,,"One phase, higher Max configuration. End-of-day drawdown. Prices are the regular list price. NEEDS REVIEW: research describes E8's futures line as Signature-only, with E8 Zero sold for forex and crypto rather than futures. Confirm before publishing.",TradingView; Tradovate,,,,NinjaTrader,,,
E8 Futures,https://e8futures.com/,E8 Signature 50K,futures,50000,,one_time,USD,6,,,eod_trailing,,,,80,"One phase, with a rule structure separate from Zero. Prices vary by size. Published as a range rather than one figure: $115.70–$213.20 at 50K, $180.70–$382.20 at 100K, $362.70–$707.20 at 200K, and $88 at 25K (a size not on file). Not recorded as a price. The drawdown is an end-of-day dynamic floor: it moves only at market close, follows the highest end-of-day balance, and locks permanently once it reaches the starting balance. The 35% consistency rule applies to funded accounts.",TradingView; Tradovate,,,,NinjaTrader,,,
E8 Futures,https://e8futures.com/,Challenge 50K,futures,50000,120,one_time,USD,6,4,,eod_trailing,,,5,80,Payouts every 5 days.,TradingView; Tradovate,,,,NinjaTrader,,,
E8 Futures,https://e8futures.com/,Challenge Daily 50K,futures,50000,115.7,one_time,USD,6,3,,trailing,,,1,80,Payouts every 1 day.,TradingView; Tradovate,,,,NinjaTrader,,,
E8 Futures,https://e8futures.com/,E8 Zero Starter 100K,futures,100000,278,one_time,USD,6,,,static,,,,,"One phase. End-of-day drawdown, not trailing, and no daily drawdown. The 40% rule is a best-day rule during the challenge. Prices are the regular list price. NEEDS REVIEW: research describes E8's futures line as Signature-only, with E8 Zero sold for forex and crypto rather than futures. This product came from the supplied table and has been kept rather than deleted, but confirm it exists as a futures account before publishing.",TradingView; Tradovate,,,,NinjaTrader,,,
E8 Futures,https://e8futures.com/,E8 Zero Max 100K,futures,100000,588,one_time,USD,6,,,static,,,,,"One phase, higher Max configuration. End-of-day drawdown. Prices are the regular list price. NEEDS REVIEW: research describes E8's futures line as Signature-only, with E8 Zero sold for forex and crypto rather than futures. Confirm before publishing.",TradingView; Tradovate,,,,NinjaTrader,,,
E8 Futures,https://e8futures.com/,E8 Signature 100K,futures,100000,,one_time,USD,6,,,eod_trailing,,,,80,"One phase, with a rule structure separate from Zero. Prices vary by size. Published as a range rather than one figure: $115.70–$213.20 at 50K, $180.70–$382.20 at 100K, $362.70–$707.20 at 200K, and $88 at 25K (a size not on file). Not recorded as a price. The drawdown is an end-of-day dynamic floor: it moves only at market close, follows the highest end-of-day balance, and locks permanently once it reaches the starting balance. The 35% consistency rule applies to funded accounts.",TradingView; Tradovate,,,,NinjaTrader,,,
E8 Futures,https://e8futures.com/,Challenge 100K,futures,100000,208,one_time,USD,6,4,,eod_trailing,,,5,80,Payouts every 5 days.,TradingView; Tradovate,,,,NinjaTrader,,,
E8 Futures,https://e8futures.com/,Challenge Daily 100K,futures,100000,180.7,one_time,USD,6.5,3,,trailing,,,1,80,Payouts every 1 day.,TradingView; Tradovate,,,,NinjaTrader,,,
E8 Futures,https://e8futures.com/,E8 Signature 150K,futures,150000,312,one_time,USD,6,,,eod_trailing,,,,80,"One phase, with a rule structure separate from Zero. Prices vary by size. Published as a range rather than one figure: $115.70–$213.20 at 50K, $180.70–$382.20 at 100K, $362.70–$707.20 at 200K, and $88 at 25K (a size not on file). Not recorded as a price. The drawdown is an end-of-day dynamic floor: it moves only at market close, follows the highest end-of-day balance, and locks permanently once it reaches the starting balance. The 35% consistency rule applies to funded accounts.",TradingView; Tradovate,,,,NinjaTrader,,,
E8 Futures,https://e8futures.com/,Challenge 150K,futures,150000,312,one_time,USD,6,4,,eod_trailing,,,5,80,Payouts every 5 days.,TradingView; Tradovate,,,,NinjaTrader,,,
E8 Futures,https://e8futures.com/,E8 Zero Starter 200K,futures,200000,558,one_time,USD,6,,,static,,,,,"One phase. End-of-day drawdown, not trailing, and no daily drawdown. The 40% rule is a best-day rule during the challenge. Prices are the regular list price. NEEDS REVIEW: research describes E8's futures line as Signature-only, with E8 Zero sold for forex and crypto rather than futures. This product came from the supplied table and has been kept rather than deleted, but confirm it exists as a futures account before publishing.",TradingView; Tradovate,,,,NinjaTrader,,,
E8 Futures,https://e8futures.com/,E8 Zero Max 200K,futures,200000,1088,one_time,USD,6,,,static,,,,,"One phase, higher Max configuration. End-of-day drawdown. Prices are the regular list price. NEEDS REVIEW: research describes E8's futures line as Signature-only, with E8 Zero sold for forex and crypto rather than futures. Confirm before publishing.",TradingView; Tradovate,,,,NinjaTrader,,,
E8 Futures,https://e8futures.com/,E8 Signature 200K,futures,200000,,one_time,USD,6,,,eod_trailing,,,,80,"One phase, with a rule structure separate from Zero. Prices vary by size. Published as a range rather than one figure: $115.70–$213.20 at 50K, $180.70–$382.20 at 100K, $362.70–$707.20 at 200K, and $88 at 25K (a size not on file). Not recorded as a price. The drawdown is an end-of-day dynamic floor: it moves only at market close, follows the highest end-of-day balance, and locks permanently once it reaches the starting balance. The 35% consistency rule applies to funded accounts.",TradingView; Tradovate,,,,NinjaTrader,,,
E8 Futures,https://e8futures.com/,Challenge Static 200K,futures,200000,362.7,one_time,USD,6.75,3,,static,,,1,80,Payouts every 1 day.,TradingView; Tradovate,,,,NinjaTrader,,,
E8 Markets,,1-Step Trailing 5K,cfd,5000,43.2,one_time,USD,,,,,,,,,"Price only. This firm entered the catalogue through a supplied price table; its profit target, drawdown, daily loss limit, profit split and trading rules are NOT on file and are shown as unconfirmed rather than guessed.",,,,,,,,
E8 Markets,,1-Step Static 10K,cfd,10000,61.2,one_time,USD,,,,,,,,,"Price only. This firm entered the catalogue through a supplied price table; its profit target, drawdown, daily loss limit, profit split and trading rules are NOT on file and are shown as unconfirmed rather than guessed.",,,,,,,,
E8 Markets,,1-Step Static 25K,cfd,25000,133.2,one_time,USD,,,,,,,,,"Price only. This firm entered the catalogue through a supplied price table; its profit target, drawdown, daily loss limit, profit split and trading rules are NOT on file and are shown as unconfirmed rather than guessed.",,,,,,,,
E8 Markets,,1-Step Static 50K,cfd,50000,205.2,one_time,USD,,,,,,,,,"Price only. This firm entered the catalogue through a supplied price table; its profit target, drawdown, daily loss limit, profit split and trading rules are NOT on file and are shown as unconfirmed rather than guessed.",,,,,,,,
E8 Markets,,1-Step Static 100K,cfd,100000,439.2,one_time,USD,,,,,,,,,"Price only. This firm entered the catalogue through a supplied price table; its profit target, drawdown, daily loss limit, profit split and trading rules are NOT on file and are shown as unconfirmed rather than guessed.",,,,,,,,
E8 Markets,,1-Step Trailing 200K,cfd,200000,718.2,one_time,USD,,,,,,,,,"Price only. This firm entered the catalogue through a supplied price table; its profit target, drawdown, daily loss limit, profit split and trading rules are NOT on file and are shown as unconfirmed rather than guessed.",,,,,,,,
Earn2Trade,https://www.earn2trade.com/,Trader Career Path 25K,futures,25000,90,monthly,USD,,,,trailing,,,7,80,"Daily loss limit and a position-size progression ladder, with approved trading hours. Buying-power level depends on the selected plan. No formal minimum trading days, but 30% consistency generally needs at least 4 profitable days. Price varies by account. Payouts every 7 days. A daily loss limit applies but the figure is not recorded — do not read the blank as 'no daily rule'.",NinjaTrader; TradingView; Tradovate; Quantower; Rithmic; R Trader; R Trader Pro; Sierra Chart; ATAS; Bookmap; Finamark; Jigsaw; MotiveWave; MultiCharts; OverCharts; Photon; QScalp; QSI; Scalp Tool; Trade Navigator; Investor/RT; Inside Edge Trader,,,,"Dorman, EdgeClear, Lunaro Markets, NinjaTrader, Phillip Capital",,,
Earn2Trade,https://www.earn2trade.com/,Gauntlet Mini 25K,futures,25000,,monthly,USD,,,,eod_trailing,,,7,80,"Same core risk framework as Trader Career Path: daily loss limit, position-size progression, trading-hour restrictions. Price varies by selected account. Published as a range rather than one figure: $85–$95. Not recorded as a price. Payouts every 7 days. A daily loss limit applies but the figure is not recorded — do not read the blank as 'no daily rule'.",NinjaTrader; TradingView; Tradovate; Quantower; Rithmic; R Trader; R Trader Pro; Sierra Chart; ATAS; Bookmap; Finamark; Jigsaw; MotiveWave; MultiCharts; OverCharts; Photon; QScalp; QSI; Scalp Tool; Trade Navigator; Investor/RT; Inside Edge Trader,,,,"Dorman, EdgeClear, Lunaro Markets, NinjaTrader, Phillip Capital",,,
Earn2Trade,https://www.earn2trade.com/,Trader Career Path 50K,futures,50000,114,monthly,USD,,,,trailing,,,7,80,"Daily loss limit and a position-size progression ladder, with approved trading hours. Buying-power level depends on the selected plan. No formal minimum trading days, but 30% consistency generally needs at least 4 profitable days. Price varies by account. Payouts every 7 days. A daily loss limit applies but the figure is not recorded — do not read the blank as 'no daily rule'.",NinjaTrader; TradingView; Tradovate; Quantower; Rithmic; R Trader; R Trader Pro; Sierra Chart; ATAS; Bookmap; Finamark; Jigsaw; MotiveWave; MultiCharts; OverCharts; Photon; QScalp; QSI; Scalp Tool; Trade Navigator; Investor/RT; Inside Edge Trader,,,,"Dorman, EdgeClear, Lunaro Markets, NinjaTrader, Phillip Capital",,,
Earn2Trade,https://www.earn2trade.com/,Gauntlet Mini 50K,futures,50000,102,monthly,USD,6,,2.2,eod_trailing,,,7,80,"Same core risk framework as Trader Career Path: daily loss limit, position-size progression, trading-hour restrictions. Price varies by selected account. Published as a range rather than one figure: $85–$95. Not recorded as a price. Payouts every 7 days. A daily loss limit applies but the figure is not recorded — do not read the blank as 'no daily rule'.",NinjaTrader; TradingView; Tradovate; Quantower; Rithmic; R Trader; R Trader Pro; Sierra Chart; ATAS; Bookmap; Finamark; Jigsaw; MotiveWave; MultiCharts; OverCharts; Photon; QScalp; QSI; Scalp Tool; Trade Navigator; Investor/RT; Inside Edge Trader,,,,"Dorman, EdgeClear, Lunaro Markets, NinjaTrader, Phillip Capital",,,
Earn2Trade,https://www.earn2trade.com/,Trader Career Path 100K,futures,100000,210,monthly,USD,6,3.5,,trailing,,,7,80,"Daily loss limit and a position-size progression ladder, with approved trading hours. Buying-power level depends on the selected plan. No formal minimum trading days, but 30% consistency generally needs at least 4 profitable days. Price varies by account. Payouts every 7 days. A daily loss limit applies but the figure is not recorded — do not read the blank as 'no daily rule'.",NinjaTrader; TradingView; Tradovate; Quantower; Rithmic; R Trader; R Trader Pro; Sierra Chart; ATAS; Bookmap; Finamark; Jigsaw; MotiveWave; MultiCharts; OverCharts; Photon; QScalp; QSI; Scalp Tool; Trade Navigator; Investor/RT; Inside Edge Trader,,,12/120,"Dorman, EdgeClear, Lunaro Markets, NinjaTrader, Phillip Capital",,,
Earn2Trade,https://www.earn2trade.com/,Gauntlet Mini 100K,futures,100000,189,monthly,USD,,,,eod_trailing,,,7,80,"Same core risk framework as Trader Career Path: daily loss limit, position-size progression, trading-hour restrictions. Price varies by selected account. Published as a range rather than one figure: $85–$95. Not recorded as a price. Payouts every 7 days. A daily loss limit applies but the figure is not recorded — do not read the blank as 'no daily rule'.",NinjaTrader; TradingView; Tradovate; Quantower; Rithmic; R Trader; R Trader Pro; Sierra Chart; ATAS; Bookmap; Finamark; Jigsaw; MotiveWave; MultiCharts; OverCharts; Photon; QScalp; QSI; Scalp Tool; Trade Navigator; Investor/RT; Inside Edge Trader,,,,"Dorman, EdgeClear, Lunaro Markets, NinjaTrader, Phillip Capital",,,
Earn2Trade,https://www.earn2trade.com/,Trader Career Path 150K,futures,150000,,monthly,USD,,,,trailing,,,7,80,"Daily loss limit and a position-size progression ladder, with approved trading hours. Buying-power level depends on the selected plan. No formal minimum trading days, but 30% consistency generally needs at least 4 profitable days. Price varies by account. Payouts every 7 days. A daily loss limit applies but the figure is not recorded — do not read the blank as 'no daily rule'.",NinjaTrader; TradingView; Tradovate; Quantower; Rithmic; R Trader; R Trader Pro; Sierra Chart; ATAS; Bookmap; Finamark; Jigsaw; MotiveWave; MultiCharts; OverCharts; Photon; QScalp; QSI; Scalp Tool; Trade Navigator; Investor/RT; Inside Edge Trader,,,,"Dorman, EdgeClear, Lunaro Markets, NinjaTrader, Phillip Capital",,,
Earn2Trade,https://www.earn2trade.com/,Gauntlet Mini 150K,futures,150000,225,monthly,USD,,,,eod_trailing,,,7,80,"Same core risk framework as Trader Career Path: daily loss limit, position-size progression, trading-hour restrictions. Price varies by selected account. Published as a range rather than one figure: $85–$95. Not recorded as a price. Payouts every 7 days. A daily loss limit applies but the figure is not recorded — do not read the blank as 'no daily rule'.",NinjaTrader; TradingView; Tradovate; Quantower; Rithmic; R Trader; R Trader Pro; Sierra Chart; ATAS; Bookmap; Finamark; Jigsaw; MotiveWave; MultiCharts; OverCharts; Photon; QScalp; QSI; Scalp Tool; Trade Navigator; Investor/RT; Inside Edge Trader,,,,"Dorman, EdgeClear, Lunaro Markets, NinjaTrader, Phillip Capital",,,
Funded Futures Family,https://www.fundedfuturesfamily.com/,Velocity 25K,futures,25000,15.8,monthly,USD,6,4,,intraday_trailing,3,,,90,"Monthly account. Standard payout needs 3 winning days; the Daily Payout add-on removes both that and the consistency rule. Profit split up to 90%. A $25 monthly promotional price and a $142.80 monthly standard price are both published for $50K; a promotional price is not the price, so neither replaces what is on file.",NinjaTrader; TradingView; Tradovate; WealthCharts,,,,"NinjaTrader, WealthCharts",,,
Funded Futures Family,https://www.fundedfuturesfamily.com/,Premier Plus 25K,futures,25000,68.4,monthly,USD,6,4,,intraday_trailing,,,,,,NinjaTrader; TradingView; Tradovate; WealthCharts,,,,"NinjaTrader, WealthCharts",,,
Funded Futures Family,https://www.fundedfuturesfamily.com/,Velocity 50K,futures,50000,25,monthly,USD,6,4,,intraday_trailing,3,,,90,"Monthly account. Standard payout needs 3 winning days; the Daily Payout add-on removes both that and the consistency rule. Profit split up to 90%. A $25 monthly promotional price and a $142.80 monthly standard price are both published for $50K; a promotional price is not the price, so neither replaces what is on file.",NinjaTrader; TradingView; Tradovate; WealthCharts,,,,"NinjaTrader, WealthCharts",,,
Funded Futures Family,https://www.fundedfuturesfamily.com/,S2F 50K,futures,50000,469,one_time,USD,,,,,,,,,Direct funded route with no evaluation. Priced as a one-time payment.,NinjaTrader; TradingView; Tradovate; WealthCharts,,,,"NinjaTrader, WealthCharts",,,
Funded Futures Family,https://www.fundedfuturesfamily.com/,Premier Plus 50K,futures,50000,92.4,monthly,USD,6,4,,intraday_trailing,,,,,,NinjaTrader; TradingView; Tradovate; WealthCharts,,,,"NinjaTrader, WealthCharts",,,
Funded Futures Family,https://www.fundedfuturesfamily.com/,Velocity 100K,futures,100000,45,monthly,USD,7,3.25,,intraday_trailing,3,,,90,"Monthly account. Standard payout needs 3 winning days; the Daily Payout add-on removes both that and the consistency rule. Profit split up to 90%. A $25 monthly promotional price and a $142.80 monthly standard price are both published for $50K; a promotional price is not the price, so neither replaces what is on file.",NinjaTrader; TradingView; Tradovate; WealthCharts,,,,"NinjaTrader, WealthCharts",,,
Funded Futures Family,https://www.fundedfuturesfamily.com/,S2F 100K,futures,100000,629,one_time,USD,,,,,,,,,Direct funded route with no evaluation. Priced as a one-time payment.,NinjaTrader; TradingView; Tradovate; WealthCharts,,,,"NinjaTrader, WealthCharts",,,
Funded Futures Family,https://www.fundedfuturesfamily.com/,Premier Plus 100K,futures,100000,137.4,monthly,USD,7,3.25,,intraday_trailing,,,,,,NinjaTrader; TradingView; Tradovate; WealthCharts,,,,"NinjaTrader, WealthCharts",,,
Funded Futures Family,https://www.fundedfuturesfamily.com/,Velocity 150K,futures,150000,65,monthly,USD,6.667,3.167,,intraday_trailing,3,,,90,"Monthly account. Standard payout needs 3 winning days; the Daily Payout add-on removes both that and the consistency rule. Profit split up to 90%. A $25 monthly promotional price and a $142.80 monthly standard price are both published for $50K; a promotional price is not the price, so neither replaces what is on file.",NinjaTrader; TradingView; Tradovate; WealthCharts,,,,"NinjaTrader, WealthCharts",,,
Funded Futures Family,https://www.fundedfuturesfamily.com/,Premier Plus 150K,futures,150000,191.4,monthly,USD,6.667,3.167,,intraday_trailing,,,,,,NinjaTrader; TradingView; Tradovate; WealthCharts,,,,"NinjaTrader, WealthCharts",,,
FundedElite,,1-Step 5K,cfd,5000,29.4,one_time,USD,,,,,,,,,"Price only. This firm entered the catalogue through a supplied price table; its profit target, drawdown, daily loss limit, profit split and trading rules are NOT on file and are shown as unconfirmed rather than guessed.",,,,,,,,
FundedElite,,2-Step 5K,cfd,5000,23.4,one_time,USD,,,,,,,,,"Price only. This firm entered the catalogue through a supplied price table; its profit target, drawdown, daily loss limit, profit split and trading rules are NOT on file and are shown as unconfirmed rather than guessed.",,,,,,,,
FundedElite,,2-Step 15K,cfd,15000,35.4,one_time,USD,,,,,,,,,"Price only. This firm entered the catalogue through a supplied price table; its profit target, drawdown, daily loss limit, profit split and trading rules are NOT on file and are shown as unconfirmed rather than guessed.",,,,,,,,
FundedElite,,2-Step 25K,cfd,25000,53.4,one_time,USD,,,,,,,,,"Price only. This firm entered the catalogue through a supplied price table; its profit target, drawdown, daily loss limit, profit split and trading rules are NOT on file and are shown as unconfirmed rather than guessed.",,,,,,,,
FundedElite,,Instant 25K,cfd,25000,114,one_time,USD,,,,,,,,,"Price only. This firm entered the catalogue through a supplied price table; its profit target, drawdown, daily loss limit, profit split and trading rules are NOT on file and are shown as unconfirmed rather than guessed.",,,,,,,,
FundedElite,,2-Step 100K,cfd,100000,179.4,one_time,USD,,,,,,,,,"Price only. This firm entered the catalogue through a supplied price table; its profit target, drawdown, daily loss limit, profit split and trading rules are NOT on file and are shown as unconfirmed rather than guessed.",,,,,,,,
FundedNext,,1-Step 6K,cfd,6000,49.49,one_time,USD,,,,,,,,,"Price only. This firm entered the catalogue through a supplied price table; its profit target, drawdown, daily loss limit, profit split and trading rules are NOT on file and are shown as unconfirmed rather than guessed.",,,,,,,,
FundedNext,,1-Step 15K,cfd,15000,97.49,one_time,USD,,,,,,,,,"Price only. This firm entered the catalogue through a supplied price table; its profit target, drawdown, daily loss limit, profit split and trading rules are NOT on file and are shown as unconfirmed rather than guessed.",,,,,,,,
FundedNext,,1-Step 25K,cfd,25000,164.99,one_time,USD,,,,,,,,,"Price only. This firm entered the catalogue through a supplied price table; its profit target, drawdown, daily loss limit, profit split and trading rules are NOT on file and are shown as unconfirmed rather than guessed.",,,,,,,,
FundedNext,,1-Step 50K,cfd,50000,247.49,one_time,USD,,,,,,,,,"Price only. This firm entered the catalogue through a supplied price table; its profit target, drawdown, daily loss limit, profit split and trading rules are NOT on file and are shown as unconfirmed rather than guessed.",,,,,,,,
FundedNext,,2-Step 100K,cfd,100000,,one_time,USD,,,,,,,,,"Price only. This firm entered the catalogue through a supplied price table; its profit target, drawdown, daily loss limit, profit split and trading rules are NOT on file and are shown as unconfirmed rather than guessed. Published as ranges rather than single figures, so not recorded as prices: $100K at 467.49–549.99; $200K at 934.99–1099.99.",,,,,,,,
FundedNext,,2-Step 200K,cfd,200000,,one_time,USD,,,,,,,,,"Price only. This firm entered the catalogue through a supplied price table; its profit target, drawdown, daily loss limit, profit split and trading rules are NOT on file and are shown as unconfirmed rather than guessed. Published as ranges rather than single figures, so not recorded as prices: $100K at 467.49–549.99; $200K at 934.99–1099.99.",,,,,,,,
FundedNext Futures,https://helpfutures.fundednext.com/,Rapid Pro 25K,futures,25000,,one_time,USD,6,4,,eod_trailing,,,1,90,No daily loss limit by default. Can pass in one day. Consistency applies once funded. Published as a range rather than one figure: $60.30–$149.99. Not recorded as a price. Published as a range rather than one figure: $112.50–$249.99. Not recorded as a price. Payouts every 1 day.,NinjaTrader; TradingView; Tradovate,,,,NinjaTrader,,,
FundedNext Futures,https://helpfutures.fundednext.com/,Rapid Daily 25K,futures,25000,,one_time,USD,6,4,2,eod_trailing,,,1,90,Daily rewards. Payouts every 1 day.,NinjaTrader; TradingView; Tradovate,,,,NinjaTrader,,,
FundedNext Futures,https://helpfutures.fundednext.com/,Flex 25K,futures,25000,79.99,one_time,USD,6,4,,eod_trailing,,,1,95,No daily loss limit. Reward share up to 90%. Price varies by size and configuration. Payouts every 1 day.,NinjaTrader; TradingView; Tradovate,,,,NinjaTrader,,,
FundedNext Futures,https://helpfutures.fundednext.com/,Legacy 25K,futures,25000,,,USD,5,4,,eod_trailing,,,,80,Price varies.,NinjaTrader; TradingView; Tradovate,,,,NinjaTrader,,,
FundedNext Futures,https://helpfutures.fundednext.com/,Rapid Pro 50K,futures,50000,149.99,one_time,USD,6,4,,eod_trailing,,,1,90,No daily loss limit by default. Can pass in one day. Consistency applies once funded. Published as a range rather than one figure: $60.30–$149.99. Not recorded as a price. Published as a range rather than one figure: $112.50–$249.99. Not recorded as a price. Payouts every 1 day.,NinjaTrader; TradingView; Tradovate,,,,NinjaTrader,,,
FundedNext Futures,https://helpfutures.fundednext.com/,Rapid Daily 50K,futures,50000,79.99,one_time,USD,6,4,2,eod_trailing,,,1,90,Daily rewards. Payouts every 1 day.,NinjaTrader; TradingView; Tradovate,,,,NinjaTrader,,,
FundedNext Futures,https://helpfutures.fundednext.com/,Flex 50K,futures,50000,60.3,one_time,USD,5,3,,eod_trailing,,,1,95,No daily loss limit. Reward share up to 90%. Price varies by size and configuration. Payouts every 1 day.,NinjaTrader; TradingView; Tradovate,,,,NinjaTrader,,,
FundedNext Futures,https://helpfutures.fundednext.com/,Legacy 50K,futures,50000,,,USD,6,4,,eod_trailing,,,,80,Price varies.,NinjaTrader; TradingView; Tradovate,,,,NinjaTrader,,,
FundedNext Futures,https://helpfutures.fundednext.com/,Rapid Pro 100K,futures,100000,249.99,one_time,USD,5,2.5,,eod_trailing,,,1,90,No daily loss limit by default. Can pass in one day. Consistency applies once funded. Published as a range rather than one figure: $60.30–$149.99. Not recorded as a price. Published as a range rather than one figure: $112.50–$249.99. Not recorded as a price. Payouts every 1 day.,NinjaTrader; TradingView; Tradovate,,,,NinjaTrader,,,
FundedNext Futures,https://helpfutures.fundednext.com/,Rapid Daily 100K,futures,100000,,one_time,USD,5,2.5,1.25,eod_trailing,,,1,90,Daily rewards. Payouts every 1 day.,NinjaTrader; TradingView; Tradovate,,,,NinjaTrader,,,
FundedNext Futures,https://helpfutures.fundednext.com/,Flex 100K,futures,100000,112.5,one_time,USD,5,2.5,,eod_trailing,,,1,95,No daily loss limit. Reward share up to 90%. Price varies by size and configuration. Payouts every 1 day.,NinjaTrader; TradingView; Tradovate,,,,NinjaTrader,,,
FundedNext Futures,https://helpfutures.fundednext.com/,Legacy 100K,futures,100000,,,USD,6,3,,eod_trailing,,,,80,Price varies.,NinjaTrader; TradingView; Tradovate,,,,NinjaTrader,,,
FundedNext Futures,https://helpfutures.fundednext.com/,Flex 150K,futures,150000,217.8,one_time,USD,5.333,2.667,,eod_trailing,,,1,95,No daily loss limit. Reward share up to 90%. Price varies by size and configuration. Payouts every 1 day.,NinjaTrader; TradingView; Tradovate,,,,NinjaTrader,,,
FundingPips,,2-Step Flex 5K,cfd,5000,25.6,one_time,USD,,,,,,,,,"Price only. This firm entered the catalogue through a supplied price table; its profit target, drawdown, daily loss limit, profit split and trading rules are NOT on file and are shown as unconfirmed rather than guessed.",,,,,,,,
FundingPips,,2-Step 10K,cfd,10000,,one_time,USD,,,,,,,,,"Price only. This firm entered the catalogue through a supplied price table; its profit target, drawdown, daily loss limit, profit split and trading rules are NOT on file and are shown as unconfirmed rather than guessed. Published as ranges rather than single figures, so not recorded as prices: $10K at 44–50.40; $25K at 107.20+; $50K at 228+.",,,,,,,,
FundingPips,,2-Step 25K,cfd,25000,,one_time,USD,,,,,,,,,"Price only. This firm entered the catalogue through a supplied price table; its profit target, drawdown, daily loss limit, profit split and trading rules are NOT on file and are shown as unconfirmed rather than guessed. Published as ranges rather than single figures, so not recorded as prices: $10K at 44–50.40; $25K at 107.20+; $50K at 228+.",,,,,,,,
FundingPips,,2-Step 50K,cfd,50000,,one_time,USD,,,,,,,,,"Price only. This firm entered the catalogue through a supplied price table; its profit target, drawdown, daily loss limit, profit split and trading rules are NOT on file and are shown as unconfirmed rather than guessed. Published as ranges rather than single figures, so not recorded as prices: $10K at 44–50.40; $25K at 107.20+; $50K at 228+.",,,,,,,,
FundingPips,,2-Step 100K,cfd,100000,417.6,one_time,USD,,,,,,,,,"Price only. This firm entered the catalogue through a supplied price table; its profit target, drawdown, daily loss limit, profit split and trading rules are NOT on file and are shown as unconfirmed rather than guessed. Published as ranges rather than single figures, so not recorded as prices: $10K at 44–50.40; $25K at 107.20+; $50K at 228+.",,,,,,,,
FundingPips,,1-Step 100K,cfd,100000,469.04,one_time,USD,,,,,,,,,"Price only. This firm entered the catalogue through a supplied price table; its profit target, drawdown, daily loss limit, profit split and trading rules are NOT on file and are shown as unconfirmed rather than guessed.",,,,,,,,
FuturesElite,https://futureselite.com/,Instant Challenge 25K,futures,25000,,one_time,USD,,,,eod_trailing,10,,10,80,"No traditional evaluation, but 10 trading days are required before a payout. Consistency starts at 20%, rises to 25% after the second payout and 30% after the third. No buffer requirement. Price varies. Payouts every 10 days.",NinjaTrader; Quantower; Tradovate; ATAS; Deepcharts; Deepmap; Volumetrica Trading,,,,"Dorman, DXFeed, EdgeClear, NinjaTrader",,,
FuturesElite,https://futureselite.com/,Prime 50K,futures,50000,,,USD,6,,,intraday_trailing,,,5,80,"Contract limits increase with account size. Target, drawdown and price depend on the Prime configuration. Payouts every 5 days. No daily loss limit on this plan.",NinjaTrader; Quantower; Tradovate; ATAS; Deepcharts; Deepmap; Volumetrica Trading,,,,"Dorman, DXFeed, EdgeClear, NinjaTrader",,,
FuturesElite,https://futureselite.com/,Elite 50K,futures,50000,116.35,one_time,USD,6,4,,eod_trailing,,,1,90,Higher tier than Prime. Contract limits depend on size. Price varies. Payouts every 1 day. No daily loss limit on this plan.,NinjaTrader; Quantower; Tradovate; ATAS; Deepcharts; Deepmap; Volumetrica Trading,,,4/40,"Dorman, DXFeed, EdgeClear, NinjaTrader",,,
FuturesElite,https://futureselite.com/,Instant Challenge 50K,futures,50000,,one_time,USD,,,,eod_trailing,10,,10,80,"No traditional evaluation, but 10 trading days are required before a payout. Consistency starts at 20%, rises to 25% after the second payout and 30% after the third. No buffer requirement. Price varies. Payouts every 10 days.",NinjaTrader; Quantower; Tradovate; ATAS; Deepcharts; Deepmap; Volumetrica Trading,,,,"Dorman, DXFeed, EdgeClear, NinjaTrader",,,
FuturesElite,https://futureselite.com/,Prime 100K,futures,100000,,,USD,6,,,intraday_trailing,,,5,80,"Contract limits increase with account size. Target, drawdown and price depend on the Prime configuration. Payouts every 5 days. No daily loss limit on this plan.",NinjaTrader; Quantower; Tradovate; ATAS; Deepcharts; Deepmap; Volumetrica Trading,,,,"Dorman, DXFeed, EdgeClear, NinjaTrader",,,
FuturesElite,https://futureselite.com/,Elite 100K,futures,100000,202.4,one_time,USD,6,3,,eod_trailing,,,1,90,Higher tier than Prime. Contract limits depend on size. Price varies. Payouts every 1 day. No daily loss limit on this plan.,NinjaTrader; Quantower; Tradovate; ATAS; Deepcharts; Deepmap; Volumetrica Trading,,,8/80,"Dorman, DXFeed, EdgeClear, NinjaTrader",,,
FuturesElite,https://futureselite.com/,Instant Challenge 100K,futures,100000,375.2,one_time,USD,,3,,eod_trailing,10,,10,80,"No traditional evaluation, but 10 trading days are required before a payout. Consistency starts at 20%, rises to 25% after the second payout and 30% after the third. No buffer requirement. Price varies. Payouts every 10 days.",NinjaTrader; Quantower; Tradovate; ATAS; Deepcharts; Deepmap; Volumetrica Trading,,,8/80,"Dorman, DXFeed, EdgeClear, NinjaTrader",,,
FuturesElite,https://futureselite.com/,Prime 150K,futures,150000,,,USD,6,3,,intraday_trailing,,,5,80,"Contract limits increase with account size. Target, drawdown and price depend on the Prime configuration. Payouts every 5 days. No daily loss limit on this plan.",NinjaTrader; Quantower; Tradovate; ATAS; Deepcharts; Deepmap; Volumetrica Trading,,,,"Dorman, DXFeed, EdgeClear, NinjaTrader",,,
FuturesElite,https://futureselite.com/,Elite 150K,futures,150000,239.85,one_time,USD,6,3,,eod_trailing,,,1,90,Higher tier than Prime. Contract limits depend on size. Price varies. Payouts every 1 day. No daily loss limit on this plan.,NinjaTrader; Quantower; Tradovate; ATAS; Deepcharts; Deepmap; Volumetrica Trading,,,10/100,"Dorman, DXFeed, EdgeClear, NinjaTrader",,,
FuturesElite,https://futureselite.com/,Instant Challenge 150K,futures,150000,,one_time,USD,,,,eod_trailing,10,,10,80,"No traditional evaluation, but 10 trading days are required before a payout. Consistency starts at 20%, rises to 25% after the second payout and 30% after the third. No buffer requirement. Price varies. Payouts every 10 days.",NinjaTrader; Quantower; Tradovate; ATAS; Deepcharts; Deepmap; Volumetrica Trading,,,,"Dorman, DXFeed, EdgeClear, NinjaTrader",,,
Goat Funded Futures,https://goatfundedfutures.com/,Sprint Challenge 25K,futures,25000,79,one_time,USD,6,4,,eod_trailing,,,,90,"No challenge consistency, but a funded consistency rule of 35% applies. 90/10 from the first dollar. 5 winning days for a payout. Price varies. A daily loss limit applies but the figure is not recorded — do not read the blank as 'no daily rule'. No consistency rule during the evaluation.",NinjaTrader; Quantower; TradingView; Tradovate; ATAS; Deepcharts; Deepmap; Tickblaze; Volumetrica,,,,"CQG, DXFeed, Tickblaze",,,
Goat Funded Futures,https://goatfundedfutures.com/,Instant Funded 25K,futures,25000,,,USD,,,3,intraday_trailing,10,,7,90,"No evaluation. 7 days to a payout. 100% of the first $10K, then 90/10. Price varies. Payouts every 7 days. No evaluation. Before a first payout the balance must grow 7%, over at least 7 winning days and 10 calendar days. The daily loss limit is a soft breach that pauses the account until the next session. Profit on any one day is capped at 5% of the balance, after which trading stops for the day.",NinjaTrader; Quantower; TradingView; Tradovate; ATAS; Deepcharts; Deepmap; Tickblaze; Volumetrica,,,,"CQG, DXFeed, Tickblaze",,,
Goat Funded Futures,https://goatfundedfutures.com/,EOD Challenge 50K,futures,50000,69,one_time,USD,6,4,,eod_trailing,,,7,80,"No daily loss limit during the challenge; funded accounts carry $1,250 / $2,500 / $3,750 by size. Funded consistency 30%. No activation fee. 5 winning days for a payout. Payouts every 7 days. Payout eligibility is every 7 winning days; a winning day is at least 0.2% of the starting balance. Minimum payout $500. No activation fee. The 30% cap is on the best day's share of total profit and gates the payout, not the pass.",NinjaTrader; Quantower; TradingView; Tradovate; ATAS; Deepcharts; Deepmap; Tickblaze; Volumetrica,,,,"CQG, DXFeed, Tickblaze",,,
Goat Funded Futures,https://goatfundedfutures.com/,Sprint Challenge 50K,futures,50000,109,one_time,USD,6,4,,eod_trailing,,,,90,"No challenge consistency, but a funded consistency rule of 35% applies. 90/10 from the first dollar. 5 winning days for a payout. Price varies. A daily loss limit applies but the figure is not recorded — do not read the blank as 'no daily rule'. No consistency rule during the evaluation.",NinjaTrader; Quantower; TradingView; Tradovate; ATAS; Deepcharts; Deepmap; Tickblaze; Volumetrica,,,,"CQG, DXFeed, Tickblaze",,,
Goat Funded Futures,https://goatfundedfutures.com/,Instant Funded 50K,futures,50000,,,USD,,,3,intraday_trailing,10,,7,90,"No evaluation. 7 days to a payout. 100% of the first $10K, then 90/10. Price varies. Payouts every 7 days. No evaluation. Before a first payout the balance must grow 7%, over at least 7 winning days and 10 calendar days. The daily loss limit is a soft breach that pauses the account until the next session. Profit on any one day is capped at 5% of the balance, after which trading stops for the day.",NinjaTrader; Quantower; TradingView; Tradovate; ATAS; Deepcharts; Deepmap; Tickblaze; Volumetrica,,,,"CQG, DXFeed, Tickblaze",,,
Goat Funded Futures,https://goatfundedfutures.com/,Flex Challenge 50K,futures,50000,99,one_time,USD,6,4,,eod_trailing,,,,80,"No daily loss limit, no consistency rule, no time limit, no microscalping restriction and no two-minute holding rule. 80/20 by default, 90/10 optional. 5 winning days for a payout. Price varies. The table shows a 90% split on the 100K Flex against 80% on the other Flex sizes; 80 is kept as the plan rate and the discrepancy needs settling. No daily loss limit and no consistency rule once funded. Default split 80/20, with a 90/10 add-on sold for an extra 20% of the challenge price.",NinjaTrader; Quantower; TradingView; Tradovate; ATAS; Deepcharts; Deepmap; Tickblaze; Volumetrica,,,,"CQG, DXFeed, Tickblaze",,,
Goat Funded Futures,https://goatfundedfutures.com/,Instant Funded 75K,futures,75000,,,USD,,,3,intraday_trailing,10,,7,90,"No evaluation. 7 days to a payout. 100% of the first $10K, then 90/10. Price varies. Payouts every 7 days. No evaluation. Before a first payout the balance must grow 7%, over at least 7 winning days and 10 calendar days. The daily loss limit is a soft breach that pauses the account until the next session. Profit on any one day is capped at 5% of the balance, after which trading stops for the day.",NinjaTrader; Quantower; TradingView; Tradovate; ATAS; Deepcharts; Deepmap; Tickblaze; Volumetrica,,,,"CQG, DXFeed, Tickblaze",,,
Goat Funded Futures,https://goatfundedfutures.com/,EOD Challenge 100K,futures,100000,132,one_time,USD,6,3,,eod_trailing,,,7,80,"No daily loss limit during the challenge; funded accounts carry $1,250 / $2,500 / $3,750 by size. Funded consistency 30%. No activation fee. 5 winning days for a payout. Payouts every 7 days. Payout eligibility is every 7 winning days; a winning day is at least 0.2% of the starting balance. Minimum payout $500. No activation fee. The 30% cap is on the best day's share of total profit and gates the payout, not the pass.",NinjaTrader; Quantower; TradingView; Tradovate; ATAS; Deepcharts; Deepmap; Tickblaze; Volumetrica,,,,"CQG, DXFeed, Tickblaze",,,
Goat Funded Futures,https://goatfundedfutures.com/,Sprint Challenge 100K,futures,100000,,one_time,USD,6,,,eod_trailing,,,,90,"No challenge consistency, but a funded consistency rule of 35% applies. 90/10 from the first dollar. 5 winning days for a payout. Price varies. A daily loss limit applies but the figure is not recorded — do not read the blank as 'no daily rule'. No consistency rule during the evaluation.",NinjaTrader; Quantower; TradingView; Tradovate; ATAS; Deepcharts; Deepmap; Tickblaze; Volumetrica,,,,"CQG, DXFeed, Tickblaze",,,
Goat Funded Futures,https://goatfundedfutures.com/,Instant Funded 100K,futures,100000,,,USD,,,3,intraday_trailing,10,,7,90,"No evaluation. 7 days to a payout. 100% of the first $10K, then 90/10. Price varies. Payouts every 7 days. No evaluation. Before a first payout the balance must grow 7%, over at least 7 winning days and 10 calendar days. The daily loss limit is a soft breach that pauses the account until the next session. Profit on any one day is capped at 5% of the balance, after which trading stops for the day.",NinjaTrader; Quantower; TradingView; Tradovate; ATAS; Deepcharts; Deepmap; Tickblaze; Volumetrica,,,,"CQG, DXFeed, Tickblaze",,,
Goat Funded Futures,https://goatfundedfutures.com/,Flex Challenge 100K,futures,100000,159,one_time,USD,6,3,,eod_trailing,,,,80,"No daily loss limit, no consistency rule, no time limit, no microscalping restriction and no two-minute holding rule. 80/20 by default, 90/10 optional. 5 winning days for a payout. Price varies. The table shows a 90% split on the 100K Flex against 80% on the other Flex sizes; 80 is kept as the plan rate and the discrepancy needs settling. No daily loss limit and no consistency rule once funded. Default split 80/20, with a 90/10 add-on sold for an extra 20% of the challenge price.",NinjaTrader; Quantower; TradingView; Tradovate; ATAS; Deepcharts; Deepmap; Tickblaze; Volumetrica,,,,"CQG, DXFeed, Tickblaze",,,
Goat Funded Futures,https://goatfundedfutures.com/,EOD Challenge 150K,futures,150000,185,one_time,USD,6,3,,eod_trailing,,,7,80,"No daily loss limit during the challenge; funded accounts carry $1,250 / $2,500 / $3,750 by size. Funded consistency 30%. No activation fee. 5 winning days for a payout. Payouts every 7 days. Payout eligibility is every 7 winning days; a winning day is at least 0.2% of the starting balance. Minimum payout $500. No activation fee. The 30% cap is on the best day's share of total profit and gates the payout, not the pass.",NinjaTrader; Quantower; TradingView; Tradovate; ATAS; Deepcharts; Deepmap; Tickblaze; Volumetrica,,,,"CQG, DXFeed, Tickblaze",,,
Goat Funded Futures,https://goatfundedfutures.com/,Instant Funded 150K,futures,150000,,,USD,,,3,intraday_trailing,10,,7,90,"No evaluation. 7 days to a payout. 100% of the first $10K, then 90/10. Price varies. Payouts every 7 days. No evaluation. Before a first payout the balance must grow 7%, over at least 7 winning days and 10 calendar days. The daily loss limit is a soft breach that pauses the account until the next session. Profit on any one day is capped at 5% of the balance, after which trading stops for the day.",NinjaTrader; Quantower; TradingView; Tradovate; ATAS; Deepcharts; Deepmap; Tickblaze; Volumetrica,,,,"CQG, DXFeed, Tickblaze",,,
Goat Funded Futures,https://goatfundedfutures.com/,Flex Challenge 150K,futures,150000,299,one_time,USD,6,3,,eod_trailing,,,,80,"No daily loss limit, no consistency rule, no time limit, no microscalping restriction and no two-minute holding rule. 80/20 by default, 90/10 optional. 5 winning days for a payout. Price varies. The table shows a 90% split on the 100K Flex against 80% on the other Flex sizes; 80 is kept as the plan rate and the discrepancy needs settling. No daily loss limit and no consistency rule once funded. Default split 80/20, with a 90/10 add-on sold for an extra 20% of the challenge price.",NinjaTrader; Quantower; TradingView; Tradovate; ATAS; Deepcharts; Deepmap; Tickblaze; Volumetrica,,,,"CQG, DXFeed, Tickblaze",,,
Goat Funded Trader,,Instant 5K,cfd,5000,29,one_time,USD,,,,,,,,,"Price only. This firm entered the catalogue through a supplied price table; its profit target, drawdown, daily loss limit, profit split and trading rules are NOT on file and are shown as unconfirmed rather than guessed.",,,,,,,,
Goat Funded Trader,,Instant 10K,cfd,10000,57,one_time,USD,,,,,,,,,"Price only. This firm entered the catalogue through a supplied price table; its profit target, drawdown, daily loss limit, profit split and trading rules are NOT on file and are shown as unconfirmed rather than guessed.",,,,,,,,
Goat Funded Trader,,2-Step 25K,cfd,25000,79,one_time,USD,,,,,,,,,"Price only. This firm entered the catalogue through a supplied price table; its profit target, drawdown, daily loss limit, profit split and trading rules are NOT on file and are shown as unconfirmed rather than guessed. Published as ranges rather than single figures, so not recorded as prices: $100K at 239–314.",,,,,,,,
Goat Funded Trader,,2-Step 50K,cfd,50000,179,one_time,USD,,,,,,,,,"Price only. This firm entered the catalogue through a supplied price table; its profit target, drawdown, daily loss limit, profit split and trading rules are NOT on file and are shown as unconfirmed rather than guessed. Published as ranges rather than single figures, so not recorded as prices: $100K at 239–314.",,,,,,,,
Goat Funded Trader,,2-Step 100K,cfd,100000,,one_time,USD,,,,,,,,,"Price only. This firm entered the catalogue through a supplied price table; its profit target, drawdown, daily loss limit, profit split and trading rules are NOT on file and are shown as unconfirmed rather than guessed. Published as ranges rather than single figures, so not recorded as prices: $100K at 239–314.",,,,,,,,
Hola Prime,,2-Step 2K,cfd,2000,,one_time,USD,,,,,,,,,"Price only. This firm entered the catalogue through a supplied price table; its profit target, drawdown, daily loss limit, profit split and trading rules are NOT on file and are shown as unconfirmed rather than guessed. Published as ranges rather than single figures, so not recorded as prices: $2K at 9–17; $5K at 31.20–47.20.",,,,,,,,
Hola Prime,,2-Step 5K,cfd,5000,,one_time,USD,,,,,,,,,"Price only. This firm entered the catalogue through a supplied price table; its profit target, drawdown, daily loss limit, profit split and trading rules are NOT on file and are shown as unconfirmed rather than guessed. Published as ranges rather than single figures, so not recorded as prices: $2K at 9–17; $5K at 31.20–47.20.",,,,,,,,
Hola Prime,,2-Step 10K,cfd,10000,87.2,one_time,USD,,,,,,,,,"Price only. This firm entered the catalogue through a supplied price table; its profit target, drawdown, daily loss limit, profit split and trading rules are NOT on file and are shown as unconfirmed rather than guessed. Published as ranges rather than single figures, so not recorded as prices: $2K at 9–17; $5K at 31.20–47.20.",,,,,,,,
Hola Prime,,2-Step 25K,cfd,25000,183.2,one_time,USD,,,,,,,,,"Price only. This firm entered the catalogue through a supplied price table; its profit target, drawdown, daily loss limit, profit split and trading rules are NOT on file and are shown as unconfirmed rather than guessed. Published as ranges rather than single figures, so not recorded as prices: $2K at 9–17; $5K at 31.20–47.20.",,,,,,,,
Hola Prime,,Instant 25K,cfd,25000,295.2,one_time,USD,,,,,,,,,"Price only. This firm entered the catalogue through a supplied price table; its profit target, drawdown, daily loss limit, profit split and trading rules are NOT on file and are shown as unconfirmed rather than guessed.",,,,,,,,
Hola Prime,,1-Step 50K,cfd,50000,263.2,one_time,USD,,,,,,,,,"Price only. This firm entered the catalogue through a supplied price table; its profit target, drawdown, daily loss limit, profit split and trading rules are NOT on file and are shown as unconfirmed rather than guessed.",,,,,,,,
Hola Prime,,Instant 50K,cfd,50000,551.2,one_time,USD,,,,,,,,,"Price only. This firm entered the catalogue through a supplied price table; its profit target, drawdown, daily loss limit, profit split and trading rules are NOT on file and are shown as unconfirmed rather than guessed.",,,,,,,,
Hola Prime Futures,https://holaprime.com/futures/,1-Step 50K,futures,50000,99,,USD,6,5,,eod_trailing,,,,90,The source does not record a daily loss limit — do not read the blank as 'no daily rule'. Payout frequency: On Demand,NinjaTrader; Tradovate,,,,,,,
Lucid Trading,https://lucidtrading.com/,LucidFlex 25K,futures,25000,65.3,one_time,USD,,4,,eod_trailing,2,,5,90,No daily loss limit. No consistency rule once funded. No activation fee. Payouts every 5 days.,NinjaTrader; Quantower; MotiveWave; Tradovate; TradingView; ATAS; Bookmap; Jigsaw Daytradr; MultiCharts; R Trader Pro; Sierra Chart; Tradesea,,,,"EdgeClear, NinjaTrader",,,
Lucid Trading,https://lucidtrading.com/,LucidPro 25K,futures,25000,65.3,one_time,USD,5,4,,eod_trailing,3,,5,90,No daily loss limit. The 40% consistency rule applies once funded. No activation fee. The supplied table lists 50K alternatives at $115.20–$140.40 and a $25K alternative at $85 without saying which Lucid product each belongs to. Published as a range rather than one figure: $115.20–$140.40. Not recorded as a price. Payouts every 5 days.,NinjaTrader; Quantower; MotiveWave; Tradovate; TradingView; ATAS; Bookmap; Jigsaw Daytradr; MultiCharts; R Trader Pro; Sierra Chart; Tradesea,,,2/20,"EdgeClear, NinjaTrader",,,
Lucid Trading,https://lucidtrading.com/,LucidFlex 50K,futures,50000,105.2,one_time,USD,6,4,,eod_trailing,2,,5,90,No daily loss limit. No consistency rule once funded. No activation fee. Payouts every 5 days.,NinjaTrader; Quantower; MotiveWave; Tradovate; TradingView; ATAS; Bookmap; Jigsaw Daytradr; MultiCharts; R Trader Pro; Sierra Chart; Tradesea,,,,"EdgeClear, NinjaTrader",,,
Lucid Trading,https://lucidtrading.com/,LucidPro 50K,futures,50000,105.2,one_time,USD,6,4,,eod_trailing,3,,5,90,No daily loss limit. The 40% consistency rule applies once funded. No activation fee. The supplied table lists 50K alternatives at $115.20–$140.40 and a $25K alternative at $85 without saying which Lucid product each belongs to. Published as a range rather than one figure: $115.20–$140.40. Not recorded as a price. Payouts every 5 days.,NinjaTrader; Quantower; MotiveWave; Tradovate; TradingView; ATAS; Bookmap; Jigsaw Daytradr; MultiCharts; R Trader Pro; Sierra Chart; Tradesea,,,4/40,"EdgeClear, NinjaTrader",,,
Lucid Trading,https://lucidtrading.com/,LucidDaily Intraday DLL 50K,futures,50000,136,one_time,USD,6,4,,intraday_trailing,,,1,90,Daily payouts. No activation fee. Intraday trailing is materially harsher than the EOD variant on the same figures. Payouts every 1 day. A daily loss limit applies but the figure is not recorded — do not read the blank as 'no daily rule'.,NinjaTrader; Quantower; MotiveWave; Tradovate; TradingView; ATAS; Bookmap; Jigsaw Daytradr; MultiCharts; R Trader Pro; Sierra Chart; Tradesea,,,,"EdgeClear, NinjaTrader",,,
Lucid Trading,https://lucidtrading.com/,LucidDaily EOD DLL 50K,futures,50000,159,one_time,USD,6,4,,eod_trailing,,,1,90,Daily payouts. No activation fee. Payouts every 1 day. A daily loss limit applies but the figure is not recorded — do not read the blank as 'no daily rule'.,NinjaTrader; Quantower; MotiveWave; Tradovate; TradingView; ATAS; Bookmap; Jigsaw Daytradr; MultiCharts; R Trader Pro; Sierra Chart; Tradesea,,,,"EdgeClear, NinjaTrader",,,
Lucid Trading,https://lucidtrading.com/,LucidDirect 50K,futures,50000,,,USD,,,,,,,,,"Instant/direct funding with no evaluation. Price was not reliably surfaced, and profit target and payout rules differ from the evaluation accounts. Figures deliberately absent: the source said not to rely on them for this product.",NinjaTrader; Quantower; MotiveWave; Tradovate; TradingView; ATAS; Bookmap; Jigsaw Daytradr; MultiCharts; R Trader Pro; Sierra Chart; Tradesea,,,,"EdgeClear, NinjaTrader",,,
Lucid Trading,https://lucidtrading.com/,LucidFlex 100K,futures,100000,215.6,one_time,USD,,3,,eod_trailing,2,,5,90,No daily loss limit. No consistency rule once funded. No activation fee. Payouts every 5 days.,NinjaTrader; Quantower; MotiveWave; Tradovate; TradingView; ATAS; Bookmap; Jigsaw Daytradr; MultiCharts; R Trader Pro; Sierra Chart; Tradesea,,,,"EdgeClear, NinjaTrader",,,
Lucid Trading,https://lucidtrading.com/,LucidPro 100K,futures,100000,215.6,one_time,USD,6,3,,eod_trailing,3,,5,90,No daily loss limit. The 40% consistency rule applies once funded. No activation fee. The supplied table lists 50K alternatives at $115.20–$140.40 and a $25K alternative at $85 without saying which Lucid product each belongs to. Published as a range rather than one figure: $115.20–$140.40. Not recorded as a price. Payouts every 5 days.,NinjaTrader; Quantower; MotiveWave; Tradovate; TradingView; ATAS; Bookmap; Jigsaw Daytradr; MultiCharts; R Trader Pro; Sierra Chart; Tradesea,,,6/60,"EdgeClear, NinjaTrader",,,
Lucid Trading,https://lucidtrading.com/,LucidFlex 150K,futures,150000,295.4,one_time,USD,,3,,eod_trailing,2,,5,90,No daily loss limit. No consistency rule once funded. No activation fee. Payouts every 5 days.,NinjaTrader; Quantower; MotiveWave; Tradovate; TradingView; ATAS; Bookmap; Jigsaw Daytradr; MultiCharts; R Trader Pro; Sierra Chart; Tradesea,,,,"EdgeClear, NinjaTrader",,,
Lucid Trading,https://lucidtrading.com/,LucidPro 150K,futures,150000,295.4,one_time,USD,6,3,,eod_trailing,3,,5,90,No daily loss limit. The 40% consistency rule applies once funded. No activation fee. The supplied table lists 50K alternatives at $115.20–$140.40 and a $25K alternative at $85 without saying which Lucid product each belongs to. Published as a range rather than one figure: $115.20–$140.40. Not recorded as a price. Payouts every 5 days.,NinjaTrader; Quantower; MotiveWave; Tradovate; TradingView; ATAS; Bookmap; Jigsaw Daytradr; MultiCharts; R Trader Pro; Sierra Chart; Tradesea,,,10/100,"EdgeClear, NinjaTrader",,,
Maven,,1-Step 5K,cfd,5000,17.1,one_time,USD,,,,,,,,,"Price only. This firm entered the catalogue through a supplied price table; its profit target, drawdown, daily loss limit, profit split and trading rules are NOT on file and are shown as unconfirmed rather than guessed.",,,,,,,,
Maven,,2-Step 5K,cfd,5000,19.8,one_time,USD,,,,,,,,,"Price only. This firm entered the catalogue through a supplied price table; its profit target, drawdown, daily loss limit, profit split and trading rules are NOT on file and are shown as unconfirmed rather than guessed.",,,,,,,,
Maven,,1-Step 10K,cfd,10000,33.3,one_time,USD,,,,,,,,,"Price only. This firm entered the catalogue through a supplied price table; its profit target, drawdown, daily loss limit, profit split and trading rules are NOT on file and are shown as unconfirmed rather than guessed.",,,,,,,,
Maven,,2-Step 10K,cfd,10000,39.6,one_time,USD,,,,,,,,,"Price only. This firm entered the catalogue through a supplied price table; its profit target, drawdown, daily loss limit, profit split and trading rules are NOT on file and are shown as unconfirmed rather than guessed.",,,,,,,,
Maven,,1-Step 20K,cfd,20000,61.2,one_time,USD,,,,,,,,,"Price only. This firm entered the catalogue through a supplied price table; its profit target, drawdown, daily loss limit, profit split and trading rules are NOT on file and are shown as unconfirmed rather than guessed.",,,,,,,,
Maven,,2-Step 20K,cfd,20000,79.2,one_time,USD,,,,,,,,,"Price only. This firm entered the catalogue through a supplied price table; its profit target, drawdown, daily loss limit, profit split and trading rules are NOT on file and are shown as unconfirmed rather than guessed.",,,,,,,,
Maven,,1-Step 50K,cfd,50000,153,one_time,USD,,,,,,,,,"Price only. This firm entered the catalogue through a supplied price table; its profit target, drawdown, daily loss limit, profit split and trading rules are NOT on file and are shown as unconfirmed rather than guessed.",,,,,,,,
Maven,,2-Step 50K,cfd,50000,198,one_time,USD,,,,,,,,,"Price only. This firm entered the catalogue through a supplied price table; its profit target, drawdown, daily loss limit, profit split and trading rules are NOT on file and are shown as unconfirmed rather than guessed.",,,,,,,,
Maven,,1-Step 100K,cfd,100000,342,one_time,USD,,,,,,,,,"Price only. This firm entered the catalogue through a supplied price table; its profit target, drawdown, daily loss limit, profit split and trading rules are NOT on file and are shown as unconfirmed rather than guessed.",,,,,,,,
Maven,,2-Step 100K,cfd,100000,396,one_time,USD,,,,,,,,,"Price only. This firm entered the catalogue through a supplied price table; its profit target, drawdown, daily loss limit, profit split and trading rules are NOT on file and are shown as unconfirmed rather than guessed.",,,,,,,,
Moneta Funded,,1-Step 10K,cfd,10000,45,one_time,USD,,,,,,,,,"Price only. This firm entered the catalogue through a supplied price table; its profit target, drawdown, daily loss limit, profit split and trading rules are NOT on file and are shown as unconfirmed rather than guessed.",,,,,,,,
Moneta Funded,,Instant 10K,cfd,10000,40,one_time,USD,,,,,,,,,"Price only. This firm entered the catalogue through a supplied price table; its profit target, drawdown, daily loss limit, profit split and trading rules are NOT on file and are shown as unconfirmed rather than guessed.",,,,,,,,
Moneta Funded,,2-Step 25K,cfd,25000,84.5,one_time,USD,,,,,,,,,"Price only. This firm entered the catalogue through a supplied price table; its profit target, drawdown, daily loss limit, profit split and trading rules are NOT on file and are shown as unconfirmed rather than guessed.",,,,,,,,
Moneta Funded,,Instant 25K,cfd,25000,97.5,one_time,USD,,,,,,,,,"Price only. This firm entered the catalogue through a supplied price table; its profit target, drawdown, daily loss limit, profit split and trading rules are NOT on file and are shown as unconfirmed rather than guessed.",,,,,,,,
Moneta Funded,,2-Step 50K,cfd,50000,182.5,one_time,USD,,,,,,,,,"Price only. This firm entered the catalogue through a supplied price table; its profit target, drawdown, daily loss limit, profit split and trading rules are NOT on file and are shown as unconfirmed rather than guessed.",,,,,,,,
Moneta Funded,,2-Step 100K,cfd,100000,330,one_time,USD,,,,,,,,,"Price only. This firm entered the catalogue through a supplied price table; its profit target, drawdown, daily loss limit, profit split and trading rules are NOT on file and are shown as unconfirmed rather than guessed.",,,,,,,,
My Funded Futures,https://myfundedfutures.com/,Rapid 25K,futures,25000,54.5,monthly,USD,6,4,,eod_trailing,,,,90,"Maximum 5 minis / 50 micros. No consistency rule once funded. No activation fee. A one-off $125.60 Rapid EOD variant at $50K is also sold; it is not a separate product on file. Daily payouts, no activation fee. One source describes the maximum loss as end-of-day while the supplied product table records intraday trailing — the recorded mechanic was left alone and the disagreement needs settling on the firm's own page.",NinjaTrader; Quantower; TradingView; Tradovate; ATAS; Deepcharts; DeepDom; Volumetrica Trading,,,,"DXFeed, NinjaTrader",,,
My Funded Futures,https://myfundedfutures.com/,Builder 25K,futures,25000,52.5,monthly,USD,6,4,,eod_trailing,1,,2,80,"One-step evaluation with an EOD-style risk structure and two Max Loss Limit options chosen at checkout, so price and drawdown both depend on that choice. No activation fee. Payouts every 2 days. The daily loss limit is a soft pause rather than a breach.",NinjaTrader; Quantower; TradingView; Tradovate; ATAS; Deepcharts; DeepDom; Volumetrica Trading,,,,"DXFeed, NinjaTrader",,,
My Funded Futures,https://myfundedfutures.com/,Rapid 25K Trailing 25K,futures,25000,19.99,monthly,USD,6,4,,trailing,,,,90,"Split out from the main Rapid plan because this size uses a trailing drawdown while the larger Rapid sizes use end-of-day, and the mechanic is stored per product.",NinjaTrader; Quantower; TradingView; Tradovate; ATAS; Deepcharts; DeepDom; Volumetrica Trading,,,3/30,"DXFeed, NinjaTrader",,,
My Funded Futures,https://myfundedfutures.com/,Rapid 50K,futures,50000,78.5,monthly,USD,6,4,,eod_trailing,,,,90,"Maximum 5 minis / 50 micros. No consistency rule once funded. No activation fee. A one-off $125.60 Rapid EOD variant at $50K is also sold; it is not a separate product on file. Daily payouts, no activation fee. One source describes the maximum loss as end-of-day while the supplied product table records intraday trailing — the recorded mechanic was left alone and the disagreement needs settling on the firm's own page.",NinjaTrader; Quantower; TradingView; Tradovate; ATAS; Deepcharts; DeepDom; Volumetrica Trading,,,5/50,"DXFeed, NinjaTrader",,,
My Funded Futures,https://myfundedfutures.com/,Pro 50K,futures,50000,113.5,monthly,USD,6,4,,eod_trailing,2,,14,80,Tier-1 news trading not allowed. No daily loss limit. No activation fee. Price varies by size and configuration. Payouts every 14 days.,NinjaTrader; Quantower; TradingView; Tradovate; ATAS; Deepcharts; DeepDom; Volumetrica Trading,,,,"DXFeed, NinjaTrader",,,
My Funded Futures,https://myfundedfutures.com/,Builder 50K,futures,50000,76.5,monthly,USD,6,4,2,eod_trailing,1,,2,80,"One-step evaluation with an EOD-style risk structure and two Max Loss Limit options chosen at checkout, so price and drawdown both depend on that choice. No activation fee. Payouts every 2 days. The daily loss limit is a soft pause rather than a breach.",NinjaTrader; Quantower; TradingView; Tradovate; ATAS; Deepcharts; DeepDom; Volumetrica Trading,,,,"DXFeed, NinjaTrader",,,
My Funded Futures,https://myfundedfutures.com/,Flex 50K,futures,50000,,,USD,,,,,,,,,Flexible evaluation with an EOD-style drawdown. Price varies by account configuration. No activation fee. Figures deliberately absent: the source said not to rely on them for this product.,NinjaTrader; Quantower; TradingView; Tradovate; ATAS; Deepcharts; DeepDom; Volumetrica Trading,,,,"DXFeed, NinjaTrader",,,
My Funded Futures,https://myfundedfutures.com/,Rapid EOD 50K,futures,50000,125.6,one_time,USD,6,4,,eod_trailing,,,,90,,NinjaTrader; Quantower; TradingView; Tradovate; ATAS; Deepcharts; DeepDom; Volumetrica Trading,,,3/30,"DXFeed, NinjaTrader",,,
My Funded Futures,https://myfundedfutures.com/,Rapid 100K,futures,100000,133.5,monthly,USD,6,3,,eod_trailing,,,,90,"Maximum 5 minis / 50 micros. No consistency rule once funded. No activation fee. A one-off $125.60 Rapid EOD variant at $50K is also sold; it is not a separate product on file. Daily payouts, no activation fee. One source describes the maximum loss as end-of-day while the supplied product table records intraday trailing — the recorded mechanic was left alone and the disagreement needs settling on the firm's own page.",NinjaTrader; Quantower; TradingView; Tradovate; ATAS; Deepcharts; DeepDom; Volumetrica Trading,,,,"DXFeed, NinjaTrader",,,
My Funded Futures,https://myfundedfutures.com/,Pro 100K,futures,100000,172,monthly,USD,6,3,,eod_trailing,2,,14,80,Tier-1 news trading not allowed. No daily loss limit. No activation fee. Price varies by size and configuration. Payouts every 14 days.,NinjaTrader; Quantower; TradingView; Tradovate; ATAS; Deepcharts; DeepDom; Volumetrica Trading,,,6/60,"DXFeed, NinjaTrader",,,
My Funded Futures,https://myfundedfutures.com/,Builder 100K,futures,100000,,monthly,USD,,,,eod_trailing,1,,2,80,"One-step evaluation with an EOD-style risk structure and two Max Loss Limit options chosen at checkout, so price and drawdown both depend on that choice. No activation fee. Payouts every 2 days. The daily loss limit is a soft pause rather than a breach.",NinjaTrader; Quantower; TradingView; Tradovate; ATAS; Deepcharts; DeepDom; Volumetrica Trading,,,,"DXFeed, NinjaTrader",,,
My Funded Futures,https://myfundedfutures.com/,Rapid 150K,futures,150000,173.5,monthly,USD,6,3,,eod_trailing,,,,90,"Maximum 5 minis / 50 micros. No consistency rule once funded. No activation fee. A one-off $125.60 Rapid EOD variant at $50K is also sold; it is not a separate product on file. Daily payouts, no activation fee. One source describes the maximum loss as end-of-day while the supplied product table records intraday trailing — the recorded mechanic was left alone and the disagreement needs settling on the firm's own page.",NinjaTrader; Quantower; TradingView; Tradovate; ATAS; Deepcharts; DeepDom; Volumetrica Trading,,,,"DXFeed, NinjaTrader",,,
My Funded Futures,https://myfundedfutures.com/,Pro 150K,futures,150000,238.5,monthly,USD,6,3,,eod_trailing,2,,14,80,Tier-1 news trading not allowed. No daily loss limit. No activation fee. Price varies by size and configuration. Payouts every 14 days.,NinjaTrader; Quantower; TradingView; Tradovate; ATAS; Deepcharts; DeepDom; Volumetrica Trading,,,9/90,"DXFeed, NinjaTrader",,,
My Funded Futures,https://myfundedfutures.com/,Builder 150K,futures,150000,,monthly,USD,,,,eod_trailing,1,,2,80,"One-step evaluation with an EOD-style risk structure and two Max Loss Limit options chosen at checkout, so price and drawdown both depend on that choice. No activation fee. Payouts every 2 days. The daily loss limit is a soft pause rather than a breach.",NinjaTrader; Quantower; TradingView; Tradovate; ATAS; Deepcharts; DeepDom; Volumetrica Trading,,,,"DXFeed, NinjaTrader",,,
Take Profit Trader,https://www.takeprofittrader.com/,Evaluation 50K,futures,50000,170,monthly,USD,6,4,,eod_trailing,,,,80,"Billed monthly. No daily loss limit during the evaluation. Contract limits 6 / 9 / 12 / 15 by size. Once funded the drawdown becomes intraday, which is a materially harder rule than the evaluation's EOD.",NinjaTrader; TradingView; Tradovate; Quantower; R Trader; ATAS; Bookmap; Finamark; Investor/RT; Jigsaw; MotiveWave; MultiCharts; Trade Navigator; VolFix,,,,"CQG, Rithmic",,,
Take Profit Trader,https://www.takeprofittrader.com/,Evaluation 75K,futures,75000,245,monthly,USD,6,3.333,,eod_trailing,,,,80,"Billed monthly. No daily loss limit during the evaluation. Contract limits 6 / 9 / 12 / 15 by size. Once funded the drawdown becomes intraday, which is a materially harder rule than the evaluation's EOD.",NinjaTrader; TradingView; Tradovate; Quantower; R Trader; ATAS; Bookmap; Finamark; Investor/RT; Jigsaw; MotiveWave; MultiCharts; Trade Navigator; VolFix,,,,"CQG, Rithmic",,,
Take Profit Trader,https://www.takeprofittrader.com/,Evaluation 100K,futures,100000,330,monthly,USD,6,3,,eod_trailing,,,,80,"Billed monthly. No daily loss limit during the evaluation. Contract limits 6 / 9 / 12 / 15 by size. Once funded the drawdown becomes intraday, which is a materially harder rule than the evaluation's EOD.",NinjaTrader; TradingView; Tradovate; Quantower; R Trader; ATAS; Bookmap; Finamark; Investor/RT; Jigsaw; MotiveWave; MultiCharts; Trade Navigator; VolFix,,,,"CQG, Rithmic",,,
Take Profit Trader,https://www.takeprofittrader.com/,Evaluation 150K,futures,150000,360,monthly,USD,6,3,,eod_trailing,,,,80,"Billed monthly. No daily loss limit during the evaluation. Contract limits 6 / 9 / 12 / 15 by size. Once funded the drawdown becomes intraday, which is a materially harder rule than the evaluation's EOD.",NinjaTrader; TradingView; Tradovate; Quantower; R Trader; ATAS; Bookmap; Finamark; Investor/RT; Jigsaw; MotiveWave; MultiCharts; Trade Navigator; VolFix,,,,"CQG, Rithmic",,,
The Trading Pit Futures,https://www.thetradingpit.com/futures,Futures Classic 20K,futures,20000,,,USD,,,,trailing,,30,,80,"Current sizes differ from the 50K/100K/150K assumption and include larger accounts. Rules depend on the selected Classic account. The supplied platform list for this firm ends in 'etc.', so the platforms on file are the ones named rather than the complete set — treat an absence here as unrecorded, not unsupported. Figures deliberately absent: the source said not to rely on them for this product. The trailing floor moves up in real time whenever the closed balance sets a new high.",MotiveWave; Volumetrica Trading; Rithmic,,,,Varies by program,,,
The Trading Pit Futures,https://www.thetradingpit.com/futures,Futures Prime 50K,futures,50000,84.15,one_time,USD,,4,,eod_trailing,,30,,80,"Activation fee $129 on top of the price. Maximum contracts roughly 5 / 10 / 15 by size. Resets cost about $79 / $149 / $229. Weekday overnight holding generally allowed; weekend holding prohibited. Price varies. The supplied platform list for this firm ends in 'etc.', so the platforms on file are the ones named rather than the complete set — treat an absence here as unrecorded, not unsupported. Positions are force-closed at 14:55 CT, so overnight holding is not available. High-frequency trading is prohibited. The daily pause runs $1,000-$3,000 by size; only the drawdown endpoints were published per size, so the middle size is left blank rather than interpolated.",MotiveWave; Volumetrica Trading; Rithmic,,,,Varies by program,,,
The Trading Pit Futures,https://www.thetradingpit.com/futures,Futures Prime 100K,futures,100000,,one_time,USD,,,,eod_trailing,,30,,80,"Activation fee $129 on top of the price. Maximum contracts roughly 5 / 10 / 15 by size. Resets cost about $79 / $149 / $229. Weekday overnight holding generally allowed; weekend holding prohibited. Price varies. The supplied platform list for this firm ends in 'etc.', so the platforms on file are the ones named rather than the complete set — treat an absence here as unrecorded, not unsupported. Positions are force-closed at 14:55 CT, so overnight holding is not available. High-frequency trading is prohibited. The daily pause runs $1,000-$3,000 by size; only the drawdown endpoints were published per size, so the middle size is left blank rather than interpolated.",MotiveWave; Volumetrica Trading; Rithmic,,,,Varies by program,,,
The Trading Pit Futures,https://www.thetradingpit.com/futures,Futures Prime 150K,futures,150000,,one_time,USD,,3,,eod_trailing,,30,,80,"Activation fee $129 on top of the price. Maximum contracts roughly 5 / 10 / 15 by size. Resets cost about $79 / $149 / $229. Weekday overnight holding generally allowed; weekend holding prohibited. Price varies. The supplied platform list for this firm ends in 'etc.', so the platforms on file are the ones named rather than the complete set — treat an absence here as unrecorded, not unsupported. Positions are force-closed at 14:55 CT, so overnight holding is not available. High-frequency trading is prohibited. The daily pause runs $1,000-$3,000 by size; only the drawdown endpoints were published per size, so the middle size is left blank rather than interpolated.",MotiveWave; Volumetrica Trading; Rithmic,,,,Varies by program,,,
The Trading Pit Futures,https://www.thetradingpit.com/futures,Futures Classic 150K,futures,150000,,,USD,,,,trailing,,30,,80,"Current sizes differ from the 50K/100K/150K assumption and include larger accounts. Rules depend on the selected Classic account. The supplied platform list for this firm ends in 'etc.', so the platforms on file are the ones named rather than the complete set — treat an absence here as unrecorded, not unsupported. Figures deliberately absent: the source said not to rely on them for this product. The trailing floor moves up in real time whenever the closed balance sets a new high.",MotiveWave; Volumetrica Trading; Rithmic,,,,Varies by program,,,
The Trading Pit Futures,https://www.thetradingpit.com/futures,Futures Classic 200K,futures,200000,,,USD,,,,trailing,,30,,80,"Current sizes differ from the 50K/100K/150K assumption and include larger accounts. Rules depend on the selected Classic account. The supplied platform list for this firm ends in 'etc.', so the platforms on file are the ones named rather than the complete set — treat an absence here as unrecorded, not unsupported. Figures deliberately absent: the source said not to rely on them for this product. The trailing floor moves up in real time whenever the closed balance sets a new high.",MotiveWave; Volumetrica Trading; Rithmic,,,,Varies by program,,,
The Trading Pit Futures,https://www.thetradingpit.com/futures,Futures Classic 250K,futures,250000,,,USD,,,,trailing,,30,,80,"Current sizes differ from the 50K/100K/150K assumption and include larger accounts. Rules depend on the selected Classic account. The supplied platform list for this firm ends in 'etc.', so the platforms on file are the ones named rather than the complete set — treat an absence here as unrecorded, not unsupported. Figures deliberately absent: the source said not to rely on them for this product. The trailing floor moves up in real time whenever the closed balance sets a new high.",MotiveWave; Volumetrica Trading; Rithmic,,,,Varies by program,,,
The5ers,,2-Step 5K,cfd,5000,35.1,one_time,USD,,,,,,,,,"Price only. This firm entered the catalogue through a supplied price table; its profit target, drawdown, daily loss limit, profit split and trading rules are NOT on file and are shown as unconfirmed rather than guessed.",,,,,,,,
The5ers,,1-Step 5K,cfd,5000,234,one_time,USD,,,,,,,,,"Price only. This firm entered the catalogue through a supplied price table; its profit target, drawdown, daily loss limit, profit split and trading rules are NOT on file and are shown as unconfirmed rather than guessed.",,,,,,,,
The5ers,,2-Step 10K,cfd,10000,70.2,one_time,USD,,,,,,,,,"Price only. This firm entered the catalogue through a supplied price table; its profit target, drawdown, daily loss limit, profit split and trading rules are NOT on file and are shown as unconfirmed rather than guessed.",,,,,,,,
The5ers,,1-Step 10K,cfd,10000,405,one_time,USD,,,,,,,,,"Price only. This firm entered the catalogue through a supplied price table; its profit target, drawdown, daily loss limit, profit split and trading rules are NOT on file and are shown as unconfirmed rather than guessed.",,,,,,,,
The5ers,,1-Step 20K,cfd,20000,765,one_time,USD,,,,,,,,,"Price only. This firm entered the catalogue through a supplied price table; its profit target, drawdown, daily loss limit, profit split and trading rules are NOT on file and are shown as unconfirmed rather than guessed.",,,,,,,,
The5ers,,2-Step 25K,cfd,25000,175.5,one_time,USD,,,,,,,,,"Price only. This firm entered the catalogue through a supplied price table; its profit target, drawdown, daily loss limit, profit split and trading rules are NOT on file and are shown as unconfirmed rather than guessed.",,,,,,,,
The5ers,,2-Step 50K,cfd,50000,278.1,one_time,USD,,,,,,,,,"Price only. This firm entered the catalogue through a supplied price table; its profit target, drawdown, daily loss limit, profit split and trading rules are NOT on file and are shown as unconfirmed rather than guessed.",,,,,,,,
The5ers,,2-Step 100K,cfd,100000,490.5,one_time,USD,,,,,,,,,"Price only. This firm entered the catalogue through a supplied price table; its profit target, drawdown, daily loss limit, profit split and trading rules are NOT on file and are shown as unconfirmed rather than guessed.",,,,,,,,
The5ers,,3-Step 100K,cfd,100000,85.5,one_time,USD,,,,,,,,,"Price only. This firm entered the catalogue through a supplied price table; its profit target, drawdown, daily loss limit, profit split and trading rules are NOT on file and are shown as unconfirmed rather than guessed.",,,,,,,,
The5ers,,3-Step 250K,cfd,250000,202.5,one_time,USD,,,,,,,,,"Price only. This firm entered the catalogue through a supplied price table; its profit target, drawdown, daily loss limit, profit split and trading rules are NOT on file and are shown as unconfirmed rather than guessed.",,,,,,,,
The5ers Futures,https://the5ers.com/futures/,Day Trade 25K,futures,25000,,,USD,6,4,,eod_trailing,,,,80,"Manual trading. Scaling toward $500K. News trading allowed, no overnight holding. Price varies. Objectives are identical across the Rebate and Basecamp fee structures, which differ only in how you pay: Basecamp is $50 at 25K and $100 at 50K plus an activation fee of $70 and $140 on funding, while Rebate is a one-off fee that returns commissions daily.",BlackArrow,,,,BlackArrow,,,
The5ers Futures,https://the5ers.com/futures/,Swing 25K,futures,25000,,,USD,6,4,,eod_trailing,,,,80,Overnight holding permitted under the Swing rules; weekend holding prohibited. Price varies.,BlackArrow,,,,BlackArrow,,,
The5ers Futures,https://the5ers.com/futures/,Day Trade 50K,futures,50000,,,USD,6,4,,eod_trailing,,,,80,"Manual trading. Scaling toward $500K. News trading allowed, no overnight holding. Price varies. Objectives are identical across the Rebate and Basecamp fee structures, which differ only in how you pay: Basecamp is $50 at 25K and $100 at 50K plus an activation fee of $70 and $140 on funding, while Rebate is a one-off fee that returns commissions daily.",BlackArrow,,,,BlackArrow,,,
The5ers Futures,https://the5ers.com/futures/,Swing 50K,futures,50000,,,USD,6,4,,eod_trailing,,,,80,Overnight holding permitted under the Swing rules; weekend holding prohibited. Price varies.,BlackArrow,,,,BlackArrow,,,
Top One Futures,https://www.toponefutures.com/,Elite Access 25K,futures,25000,39,one_time,USD,,,,eod_trailing,,,,90,"Weekly payouts after qualifying winning days. No daily loss limit during the challenge; the 40% consistency rule applies at payout. Sources disagree on this firm's profit targets: one publishes a flat 6% and another a tiered 6% at 25K and 50K, 5% at 75K and 100K, 4% at 150K. The recorded figures follow the first; settle it on the firm's own page before publishing.",NinjaTrader; TradingView; Tradovate,,,,NinjaTrader,,,
Top One Futures,https://www.toponefutures.com/,Elite Evaluation 25K,futures,25000,200,,USD,6,4,2.5,eod_trailing,,,,90,One-step evaluation. Consistency depends on the program. Price varies by current offer. Activation fee $149 on top of the evaluation price.,NinjaTrader; TradingView; Tradovate,,,,NinjaTrader,,,
Top One Futures,https://www.toponefutures.com/,Elite Daily 25K,futures,25000,71.2,monthly,USD,,,,eod_trailing,,,1,90,Daily payout structure. Consistency rules are account-specific. $398 is the regular price; the current listed price varies. Payouts every 1 day.,NinjaTrader; TradingView; Tradovate,,,,NinjaTrader,,,
Top One Futures,https://www.toponefutures.com/,Instant 25K,futures,25000,167.6,one_time,USD,,4,,eod_trailing,,,,90,"No evaluation. The first payout requires 6% profit. Payouts on demand. $419 is the regular price. The larger Instant sizes are published as ranges, so they are not on file as priced rows. Published as a range rather than one figure: $225.20–$328.40 at 100K and $319.60–$375.60 at 150K. Not recorded as a price.",NinjaTrader; TradingView; Tradovate,,,,NinjaTrader,,,
Top One Futures,https://www.toponefutures.com/,Instant Sim Funded 25K,futures,25000,,,USD,,,,eod_trailing,,,,90,"Direct simulated funding. Payout targets of 6% / 5% / 4% depending on the payout cycle, with drawdown and consistency rules separate from Ignite. Not enough detail to assign one rule set. Figures deliberately absent: the source said not to rely on them for this product. No evaluation; a one-time fee from $167.60 depending on size.",NinjaTrader; TradingView; Tradovate,,,,NinjaTrader,,,
Top One Futures,https://www.toponefutures.com/,Elite Access 50K,futures,50000,39,one_time,USD,6,4,,eod_trailing,,,,90,"Weekly payouts after qualifying winning days. No daily loss limit during the challenge; the 40% consistency rule applies at payout. Sources disagree on this firm's profit targets: one publishes a flat 6% and another a tiered 6% at 25K and 50K, 5% at 75K and 100K, 4% at 150K. The recorded figures follow the first; settle it on the firm's own page before publishing.",NinjaTrader; TradingView; Tradovate,,,,NinjaTrader,,,
Top One Futures,https://www.toponefutures.com/,Elite Evaluation 50K,futures,50000,250,,USD,6,4,2.5,eod_trailing,,,,90,One-step evaluation. Consistency depends on the program. Price varies by current offer. Activation fee $149 on top of the evaluation price.,NinjaTrader; TradingView; Tradovate,,,,NinjaTrader,,,
Top One Futures,https://www.toponefutures.com/,Elite Daily 50K,futures,50000,87.2,monthly,USD,6,4,,eod_trailing,,,1,90,Daily payout structure. Consistency rules are account-specific. $398 is the regular price; the current listed price varies. Payouts every 1 day.,NinjaTrader; TradingView; Tradovate,,,3/30,NinjaTrader,,,
Top One Futures,https://www.toponefutures.com/,Instant 50K,futures,50000,271.6,one_time,USD,,,,eod_trailing,,,,90,"No evaluation. The first payout requires 6% profit. Payouts on demand. $419 is the regular price. The larger Instant sizes are published as ranges, so they are not on file as priced rows. Published as a range rather than one figure: $225.20–$328.40 at 100K and $319.60–$375.60 at 150K. Not recorded as a price.",NinjaTrader; TradingView; Tradovate,,,,NinjaTrader,,,
Top One Futures,https://www.toponefutures.com/,Ignite 50K,futures,50000,,,USD,,4,2,eod_trailing,,,,90,Instant funding with no evaluation. Purchase price varies by current offer. No evaluation. The tightest consistency rule the firm sells.,NinjaTrader; TradingView; Tradovate,,,,NinjaTrader,,,
Top One Futures,https://www.toponefutures.com/,Instant Sim Funded 50K,futures,50000,,,USD,,,,eod_trailing,,,,90,"Direct simulated funding. Payout targets of 6% / 5% / 4% depending on the payout cycle, with drawdown and consistency rules separate from Ignite. Not enough detail to assign one rule set. Figures deliberately absent: the source said not to rely on them for this product. No evaluation; a one-time fee from $167.60 depending on size.",NinjaTrader; TradingView; Tradovate,,,,NinjaTrader,,,
Top One Futures,https://www.toponefutures.com/,Elite Access 100K,futures,100000,39,one_time,USD,,,,eod_trailing,,,,90,"Weekly payouts after qualifying winning days. No daily loss limit during the challenge; the 40% consistency rule applies at payout. Sources disagree on this firm's profit targets: one publishes a flat 6% and another a tiered 6% at 25K and 50K, 5% at 75K and 100K, 4% at 150K. The recorded figures follow the first; settle it on the firm's own page before publishing.",NinjaTrader; TradingView; Tradovate,,,,NinjaTrader,,,
Top One Futures,https://www.toponefutures.com/,Elite Evaluation 100K,futures,100000,300,,USD,6,3,2.5,eod_trailing,,,,90,One-step evaluation. Consistency depends on the program. Price varies by current offer. Activation fee $149 on top of the evaluation price.,NinjaTrader; TradingView; Tradovate,,,,NinjaTrader,,,
Top One Futures,https://www.toponefutures.com/,Elite Daily 100K,futures,100000,159.2,monthly,USD,6,3,,eod_trailing,,,1,90,Daily payout structure. Consistency rules are account-specific. $398 is the regular price; the current listed price varies. Payouts every 1 day.,NinjaTrader; TradingView; Tradovate,,,5/50,NinjaTrader,,,
Top One Futures,https://www.toponefutures.com/,Ignite 100K,futures,100000,,,USD,,4,2,eod_trailing,,,,90,Instant funding with no evaluation. Purchase price varies by current offer. No evaluation. The tightest consistency rule the firm sells.,NinjaTrader; TradingView; Tradovate,,,,NinjaTrader,,,
Top One Futures,https://www.toponefutures.com/,Instant Sim Funded 100K,futures,100000,,,USD,,,,eod_trailing,,,,90,"Direct simulated funding. Payout targets of 6% / 5% / 4% depending on the payout cycle, with drawdown and consistency rules separate from Ignite. Not enough detail to assign one rule set. Figures deliberately absent: the source said not to rely on them for this product. No evaluation; a one-time fee from $167.60 depending on size.",NinjaTrader; TradingView; Tradovate,,,,NinjaTrader,,,
Top One Futures,https://www.toponefutures.com/,Elite Access 150K,futures,150000,,one_time,USD,,,,eod_trailing,,,,90,"Weekly payouts after qualifying winning days. No daily loss limit during the challenge; the 40% consistency rule applies at payout. Sources disagree on this firm's profit targets: one publishes a flat 6% and another a tiered 6% at 25K and 50K, 5% at 75K and 100K, 4% at 150K. The recorded figures follow the first; settle it on the firm's own page before publishing.",NinjaTrader; TradingView; Tradovate,,,,NinjaTrader,,,
Top One Futures,https://www.toponefutures.com/,Elite Evaluation 150K,futures,150000,350,,USD,6,3,2.5,eod_trailing,,,,90,One-step evaluation. Consistency depends on the program. Price varies by current offer. Activation fee $149 on top of the evaluation price.,NinjaTrader; TradingView; Tradovate,,,,NinjaTrader,,,
Top One Futures,https://www.toponefutures.com/,Elite Daily 150K,futures,150000,219.6,monthly,USD,6,3,,eod_trailing,,,1,90,Daily payout structure. Consistency rules are account-specific. $398 is the regular price; the current listed price varies. Payouts every 1 day.,NinjaTrader; TradingView; Tradovate,,,7/70,NinjaTrader,,,
Top One Futures,https://www.toponefutures.com/,Ignite 150K,futures,150000,,,USD,,4,2,eod_trailing,,,,90,Instant funding with no evaluation. Purchase price varies by current offer. No evaluation. The tightest consistency rule the firm sells.,NinjaTrader; TradingView; Tradovate,,,,NinjaTrader,,,
Top One Futures,https://www.toponefutures.com/,Instant Sim Funded 150K,futures,150000,,,USD,,,,eod_trailing,,,,90,"Direct simulated funding. Payout targets of 6% / 5% / 4% depending on the payout cycle, with drawdown and consistency rules separate from Ignite. Not enough detail to assign one rule set. Figures deliberately absent: the source said not to rely on them for this product. No evaluation; a one-time fee from $167.60 depending on size.",NinjaTrader; TradingView; Tradovate,,,,NinjaTrader,,,
Topstep,https://www.topstep.com/,Trading Combine 50K,futures,50000,49,monthly,USD,6,4,,eod_trailing,,,,90,"A monthly subscription with an activation fee on passing. Moved here from the aggregator export, which carried a single templated row for this firm; the supplied price table is a better source than that.",TopstepX; Quantower,149,,5/50,TopstepX own data feed,,,
Topstep,https://www.topstep.com/,Trading Combine No Activation Fee 50K,futures,50000,95,monthly,USD,6,4,,eod_trailing,,,,90,The same evaluation sold at a higher monthly fee in exchange for no activation fee on passing. Which is cheaper depends entirely on how long the attempt takes.,TopstepX; Quantower,0,,5/50,TopstepX own data feed,,,
Topstep,https://www.topstep.com/,Trading Combine 100K,futures,100000,99,monthly,USD,6,3,,eod_trailing,,,,90,"A monthly subscription with an activation fee on passing. Moved here from the aggregator export, which carried a single templated row for this firm; the supplied price table is a better source than that.",TopstepX; Quantower,149,,10/100,TopstepX own data feed,,,
Topstep,https://www.topstep.com/,Trading Combine No Activation Fee 100K,futures,100000,149,monthly,USD,6,3,,eod_trailing,,,,90,The same evaluation sold at a higher monthly fee in exchange for no activation fee on passing. Which is cheaper depends entirely on how long the attempt takes.,TopstepX; Quantower,0,,10/100,TopstepX own data feed,,,
Topstep,https://www.topstep.com/,Trading Combine 150K,futures,150000,199,monthly,USD,6,3,,eod_trailing,,,,90,"A monthly subscription with an activation fee on passing. Moved here from the aggregator export, which carried a single templated row for this firm; the supplied price table is a better source than that.",TopstepX; Quantower,149,,15/150,TopstepX own data feed,,,
Topstep,https://www.topstep.com/,Trading Combine No Activation Fee 150K,futures,150000,229,monthly,USD,6,3,,eod_trailing,,,,90,The same evaluation sold at a higher monthly fee in exchange for no activation fee on passing. Which is cheaper depends entirely on how long the attempt takes.,TopstepX; Quantower,0,,15/150,TopstepX own data feed,,,
TradeDay,https://www.tradeday.com/,Quick Pay EOD 50K,futures,50000,78.75,monthly,USD,6,4,,eod_trailing,,,1,80,"Billed monthly. Contract limits 5 / 10 / 15 by size. Payouts every 1 day. The split is 50/50 on the first $4,000 of net profit per account and 80/20 above it; 80 is recorded as the ongoing rate. The consistency rule applies during evaluation only. Minimum payout $250, no activation fee.",NinjaTrader; TradingView; Tradovate; Jigsaw Daytradr; TradeDayX; ATAS; Bookmap; EdgeProX; Finamark; MotiveWave; MultiCharts; OverCharts; Quantower; R Trader Pro; Sierra Chart; VolFix; WealthCharts,,10000,,"CQG, Rithmic, NinjaTrader",,,
TradeDay,https://www.tradeday.com/,Quick Pay Intraday 50K,futures,50000,58.95,monthly,USD,6,4,,intraday_trailing,,,1,80,"Billed monthly. Contract limits 5 / 10 / 15 by size. Same figures as the EOD variant, but intraday trailing is materially harsher. Payouts every 1 day. 50/50 on the first $4,000 then 80/20. Consistency applies during evaluation only.",NinjaTrader; TradingView; Tradovate; Jigsaw Daytradr; TradeDayX; ATAS; Bookmap; EdgeProX; Finamark; MotiveWave; MultiCharts; OverCharts; Quantower; R Trader Pro; Sierra Chart; VolFix; WealthCharts,,10000,,"CQG, Rithmic, NinjaTrader",,,
TradeDay,https://www.tradeday.com/,Fast Pass 50K,futures,50000,85.05,monthly,USD,6,4,,eod_trailing,,,5,80,Contract limits 5 / 10 / 15 by size. Drawdown mechanic not stated for this plan. Price varies. Payouts every 5 days. Flat 80/20 in funded sim. The consistency rule applies during evaluation only.,NinjaTrader; TradingView; Tradovate; Jigsaw Daytradr; TradeDayX; ATAS; Bookmap; EdgeProX; Finamark; MotiveWave; MultiCharts; OverCharts; Quantower; R Trader Pro; Sierra Chart; VolFix; WealthCharts,,10000,,"CQG, Rithmic, NinjaTrader",,,
TradeDay,https://www.tradeday.com/,Quick Pay EOD 100K,futures,100000,128.25,monthly,USD,6,3,,eod_trailing,,,1,80,"Billed monthly. Contract limits 5 / 10 / 15 by size. Payouts every 1 day. The split is 50/50 on the first $4,000 of net profit per account and 80/20 above it; 80 is recorded as the ongoing rate. The consistency rule applies during evaluation only. Minimum payout $250, no activation fee.",NinjaTrader; TradingView; Tradovate; Jigsaw Daytradr; TradeDayX; ATAS; Bookmap; EdgeProX; Finamark; MotiveWave; MultiCharts; OverCharts; Quantower; R Trader Pro; Sierra Chart; VolFix; WealthCharts,,10000,,"CQG, Rithmic, NinjaTrader",,,
TradeDay,https://www.tradeday.com/,Quick Pay Intraday 100K,futures,100000,108,monthly,USD,6,3,,intraday_trailing,,,1,80,"Billed monthly. Contract limits 5 / 10 / 15 by size. Same figures as the EOD variant, but intraday trailing is materially harsher. Payouts every 1 day. 50/50 on the first $4,000 then 80/20. Consistency applies during evaluation only.",NinjaTrader; TradingView; Tradovate; Jigsaw Daytradr; TradeDayX; ATAS; Bookmap; EdgeProX; Finamark; MotiveWave; MultiCharts; OverCharts; Quantower; R Trader Pro; Sierra Chart; VolFix; WealthCharts,,10000,,"CQG, Rithmic, NinjaTrader",,,
TradeDay,https://www.tradeday.com/,Fast Pass 100K,futures,100000,148.5,monthly,USD,6,3,,eod_trailing,,,5,80,Contract limits 5 / 10 / 15 by size. Drawdown mechanic not stated for this plan. Price varies. Payouts every 5 days. Flat 80/20 in funded sim. The consistency rule applies during evaluation only.,NinjaTrader; TradingView; Tradovate; Jigsaw Daytradr; TradeDayX; ATAS; Bookmap; EdgeProX; Finamark; MotiveWave; MultiCharts; OverCharts; Quantower; R Trader Pro; Sierra Chart; VolFix; WealthCharts,,10000,,"CQG, Rithmic, NinjaTrader",,,
TradeDay,https://www.tradeday.com/,Quick Pay EOD 150K,futures,150000,180,monthly,USD,6,3,,eod_trailing,,,1,80,"Billed monthly. Contract limits 5 / 10 / 15 by size. Payouts every 1 day. The split is 50/50 on the first $4,000 of net profit per account and 80/20 above it; 80 is recorded as the ongoing rate. The consistency rule applies during evaluation only. Minimum payout $250, no activation fee.",NinjaTrader; TradingView; Tradovate; Jigsaw Daytradr; TradeDayX; ATAS; Bookmap; EdgeProX; Finamark; MotiveWave; MultiCharts; OverCharts; Quantower; R Trader Pro; Sierra Chart; VolFix; WealthCharts,,10000,,"CQG, Rithmic, NinjaTrader",,,
TradeDay,https://www.tradeday.com/,Quick Pay Intraday 150K,futures,150000,162,monthly,USD,6,3,,intraday_trailing,,,1,80,"Billed monthly. Contract limits 5 / 10 / 15 by size. Same figures as the EOD variant, but intraday trailing is materially harsher. Payouts every 1 day. 50/50 on the first $4,000 then 80/20. Consistency applies during evaluation only.",NinjaTrader; TradingView; Tradovate; Jigsaw Daytradr; TradeDayX; ATAS; Bookmap; EdgeProX; Finamark; MotiveWave; MultiCharts; OverCharts; Quantower; R Trader Pro; Sierra Chart; VolFix; WealthCharts,,10000,,"CQG, Rithmic, NinjaTrader",,,
TradeDay,https://www.tradeday.com/,Fast Pass 150K,futures,150000,225,monthly,USD,6,3,,eod_trailing,,,5,80,Contract limits 5 / 10 / 15 by size. Drawdown mechanic not stated for this plan. Price varies. Payouts every 5 days. Flat 80/20 in funded sim. The consistency rule applies during evaluation only.,NinjaTrader; TradingView; Tradovate; Jigsaw Daytradr; TradeDayX; ATAS; Bookmap; EdgeProX; Finamark; MotiveWave; MultiCharts; OverCharts; Quantower; R Trader Pro; Sierra Chart; VolFix; WealthCharts,,10000,,"CQG, Rithmic, NinjaTrader",,,
Tradeify,https://tradeify.co/,Growth 25K,futures,25000,59.4,one_time,USD,6,4,2.4,eod_trailing,1,,,90,"Can pass in one day. The daily loss limit is a soft breach, not a termination. No activation fee. The 150K drawdown is published as $4,500-$5,000; a range is not a figure, so it is not recorded.",NinjaTrader; Quantower; R Trader; Sierra Chart; Tradesea; TradingView; Tradovate; WealthCharts,,,1/10,"Rithmic, Tradovate, WealthCharts",,,
Tradeify,https://tradeify.co/,Select 25K,futures,25000,65.4,one_time,USD,6,4,,eod_trailing,3,,,90,"No daily loss limit. No time limit. On passing, choose Flex payout or Daily payout. No activation fee. The 150K drawdown is published as $4,500-$5,000; a range is not a figure, so it is not recorded. The 40% consistency rule applies during the evaluation only and is dropped once funded.",NinjaTrader; Quantower; R Trader; Sierra Chart; Tradesea; TradingView; Tradovate; WealthCharts,,,1/10,"Rithmic, Tradovate, WealthCharts",,,
Tradeify,https://tradeify.co/,Lightning Funded 25K,futures,25000,207,one_time,USD,,4,,eod_trailing,,,,90,"Immediate simulated funding, no evaluation. Consistency is progressive. The $25K account has no daily loss limit. No activation fee. Published as a 20-30% band; the looser end is recorded so the rule is not overstated.",NinjaTrader; Quantower; R Trader; Sierra Chart; Tradesea; TradingView; Tradovate; WealthCharts,,,1/10,"Rithmic, Tradovate, WealthCharts",,,
Tradeify,https://tradeify.co/,Growth 50K,futures,50000,87,one_time,USD,6,4,2.5,eod_trailing,1,,,90,"Can pass in one day. The daily loss limit is a soft breach, not a termination. No activation fee. The 150K drawdown is published as $4,500-$5,000; a range is not a figure, so it is not recorded.",NinjaTrader; Quantower; R Trader; Sierra Chart; Tradesea; TradingView; Tradovate; WealthCharts,,,4/40,"Rithmic, Tradovate, WealthCharts",,,
Tradeify,https://tradeify.co/,Select 50K,futures,50000,99,one_time,USD,6,4,,eod_trailing,3,,,90,"No daily loss limit. No time limit. On passing, choose Flex payout or Daily payout. No activation fee. The 150K drawdown is published as $4,500-$5,000; a range is not a figure, so it is not recorded. The 40% consistency rule applies during the evaluation only and is dropped once funded.",NinjaTrader; Quantower; R Trader; Sierra Chart; Tradesea; TradingView; Tradovate; WealthCharts,,,4/40,"Rithmic, Tradovate, WealthCharts",,,
Tradeify,https://tradeify.co/,Lightning Funded 50K,futures,50000,295.2,one_time,USD,,4,2.5,eod_trailing,,,,90,"Immediate simulated funding, no evaluation. Consistency is progressive. The $25K account has no daily loss limit. No activation fee. Published as a 20-30% band; the looser end is recorded so the rule is not overstated.",NinjaTrader; Quantower; R Trader; Sierra Chart; Tradesea; TradingView; Tradovate; WealthCharts,,,4/40,"Rithmic, Tradovate, WealthCharts",,,
Tradeify,https://tradeify.co/,Growth 100K,futures,100000,153,one_time,USD,6,3,2.5,eod_trailing,1,,,90,"Can pass in one day. The daily loss limit is a soft breach, not a termination. No activation fee. The 150K drawdown is published as $4,500-$5,000; a range is not a figure, so it is not recorded.",NinjaTrader; Quantower; R Trader; Sierra Chart; Tradesea; TradingView; Tradovate; WealthCharts,,,8/80,"Rithmic, Tradovate, WealthCharts",,,
Tradeify,https://tradeify.co/,Select 100K,futures,100000,159,one_time,USD,6,3,,eod_trailing,3,,,90,"No daily loss limit. No time limit. On passing, choose Flex payout or Daily payout. No activation fee. The 150K drawdown is published as $4,500-$5,000; a range is not a figure, so it is not recorded. The 40% consistency rule applies during the evaluation only and is dropped once funded.",NinjaTrader; Quantower; R Trader; Sierra Chart; Tradesea; TradingView; Tradovate; WealthCharts,,,8/80,"Rithmic, Tradovate, WealthCharts",,,
Tradeify,https://tradeify.co/,Lightning Funded 100K,futures,100000,396,one_time,USD,,4,2.5,eod_trailing,,,,90,"Immediate simulated funding, no evaluation. Consistency is progressive. The $25K account has no daily loss limit. No activation fee. Published as a 20-30% band; the looser end is recorded so the rule is not overstated.",NinjaTrader; Quantower; R Trader; Sierra Chart; Tradesea; TradingView; Tradovate; WealthCharts,,,8/80,"Rithmic, Tradovate, WealthCharts",,,
Tradeify,https://tradeify.co/,Growth 150K,futures,150000,221.4,one_time,USD,6,3.333,2.5,eod_trailing,1,,,90,"Can pass in one day. The daily loss limit is a soft breach, not a termination. No activation fee. The 150K drawdown is published as $4,500-$5,000; a range is not a figure, so it is not recorded.",NinjaTrader; Quantower; R Trader; Sierra Chart; Tradesea; TradingView; Tradovate; WealthCharts,,,12/120,"Rithmic, Tradovate, WealthCharts",,,
Tradeify,https://tradeify.co/,Select 150K,futures,150000,221.4,one_time,USD,6,3,,eod_trailing,3,,,90,"No daily loss limit. No time limit. On passing, choose Flex payout or Daily payout. No activation fee. The 150K drawdown is published as $4,500-$5,000; a range is not a figure, so it is not recorded. The 40% consistency rule applies during the evaluation only and is dropped once funded.",NinjaTrader; Quantower; R Trader; Sierra Chart; Tradesea; TradingView; Tradovate; WealthCharts,,,12/120,"Rithmic, Tradovate, WealthCharts",,,
Tradeify,https://tradeify.co/,Lightning Funded 150K,futures,150000,477.6,one_time,USD,,3.333,2,eod_trailing,,,,90,"Immediate simulated funding, no evaluation. Consistency is progressive. The $25K account has no daily loss limit. No activation fee. Published as a 20-30% band; the looser end is recorded so the rule is not overstated.",NinjaTrader; Quantower; R Trader; Sierra Chart; Tradesea; TradingView; Tradovate; WealthCharts,,,12/120,"Rithmic, Tradovate, WealthCharts",,,
Traders Launch,https://traderslaunch.com/,Futures Evaluation 100K,futures,100000,39.2,one_time,USD,2,1,,eod_trailing,,,3,55,Trading restricted to the specified session. Price not reliably verified. The drawdown here is unusually tight relative to the target — check it before buying. Payouts every 3 days.,Interactive Brokers; NinjaTrader; Quantower; Volumetrica Trading,,,5,"Interactive Brokers, NinjaTrader",,,
Traders Launch,https://traderslaunch.com/,Futures Evaluation 200K,futures,200000,59.2,one_time,USD,1.5,0.5,,eod_trailing,,,3,55,Trading restricted to the specified session. Price not reliably verified. The drawdown here is unusually tight relative to the target — check it before buying. Payouts every 3 days.,Interactive Brokers; NinjaTrader; Quantower; Volumetrica Trading,,,1/10,"Interactive Brokers, NinjaTrader",,,
Traders Launch,https://traderslaunch.com/,Futures Evaluation 300K,futures,300000,111.2,one_time,USD,1.667,0.667,,eod_trailing,,,3,55,Trading restricted to the specified session. Price not reliably verified. The drawdown here is unusually tight relative to the target — check it before buying. Payouts every 3 days.,Interactive Brokers; NinjaTrader; Quantower; Volumetrica Trading,,,2/20,"Interactive Brokers, NinjaTrader",,,
Traders Launch,https://traderslaunch.com/,Futures Evaluation 80% Split 300K,futures,300000,223.2,one_time,USD,1.667,0.667,,eod_trailing,,,3,80,The same size sold at a higher price for a better split — the two are separate products because the split is what you are buying. Payouts every 3 days.,Interactive Brokers; NinjaTrader; Quantower; Volumetrica Trading,,,2/20,"Interactive Brokers, NinjaTrader",,,
Ylos Trading,https://ylostrading.com/,Standard 50K,futures,50000,,,USD,,,,intraday_trailing,10,,,100,"Simulated futures evaluation. Sizes from $25K to $300K are advertised, but pricing and rules were not reliably verified — check the live account selection before relying on anything here. Figures deliberately absent: the source said not to rely on them for this product. 100% split applies to payouts up to $15,000. Funded accounts use a real-time drawdown. A payout needs 10 days each clearing $150. No renewal fees.",BlackArrow,,,,,,,
Ylos Trading,https://ylostrading.com/,Standard 100K,futures,100000,,,USD,,,,intraday_trailing,10,,,100,"Simulated futures evaluation. Sizes from $25K to $300K are advertised, but pricing and rules were not reliably verified — check the live account selection before relying on anything here. Figures deliberately absent: the source said not to rely on them for this product. 100% split applies to payouts up to $15,000. Funded accounts use a real-time drawdown. A payout needs 10 days each clearing $150. No renewal fees.",BlackArrow,,,,,,,
Ylos Trading,https://ylostrading.com/,Standard 150K,futures,150000,,,USD,,,,intraday_trailing,10,,,100,"Simulated futures evaluation. Sizes from $25K to $300K are advertised, but pricing and rules were not reliably verified — check the live account selection before relying on anything here. Figures deliberately absent: the source said not to rely on them for this product. 100% split applies to payouts up to $15,000. Funded accounts use a real-time drawdown. A payout needs 10 days each clearing $150. No renewal fees.",BlackArrow,,,,,,,